date,temperature_celsius,precipitation_mm,snowfall_cm,weather_condition,is_raining,is_snowing
2025-04-23,8.8,0.0,0.0,clear,0,0
2025-04-22,9.05,0.0,0.0,clear,0,0
2025-04-21,6.3,7.6,0.0,rain,1,0
2025-04-20,6.55,0.0,0.0,clear,0,0
2025-04-19,13.75,4.6,0.0,rain,1,0
2025-04-18,7.1,0.0,0.0,clear,0,0
2025-04-17,4.84,0.0,0.0,clear,0,0
2025-04-16,2.3,1.4,1.0,snow,0,1
2025-04-15,9.5,3.2,0.0,rain,1,0
2025-04-14,8.55,0.6,0.0,rain,1,0
2025-04-13,9.35,0.0,0.0,clear,0,0
2025-04-12,6.05,0.0,0.0,clear,0,0
2025-04-11,5.09,1.8,0.0,rain,1,0
2025-04-10,2.04,0.6,0.0,rain,1,0
2025-04-09,-2.59,0.0,0.0,clear,0,0
2025-04-08,-0.75,7.6,4.6,snow,0,1
2025-04-07,3.15,0.0,0.0,clear,0,0
2025-04-06,3.9,2.6,0.0,rain,1,0
2025-04-05,4.5,11.8,0.0,rain,1,0
2025-04-04,6.9,0.0,0.0,clear,0,0
2025-04-03,9.6,22.4,0.0,rain,1,0
2025-04-02,-2.8,1.6,1.4,snow,0,1
2025-04-01,-1.3,0.0,0.0,clear,0,0
2025-03-31,7.1,8.8,0.0,rain,1,0
2025-03-30,-0.15,18.4,0.0,rain,1,0
2025-03-29,-1.95,2.6,2.6,snow,0,1
2025-03-28,-0.55,0.8,0.8,snow,0,1
2025-03-27,2.5,0.8,0.8,snow,0,1
2025-03-26,1.9,0.0,0.0,clear,0,0
2025-03-25,2.34,1.0,0.0,rain,1,0
2025-03-24,-0.5,5.2,3.0,snow,0,1
2025-03-23,-5.55,0.0,0.0,clear,0,0
2025-03-22,2.19,3.8,1.0,snow,0,1
2025-03-21,2.59,0.0,0.0,clear,0,0
2025-03-20,12.65,0.6,0.0,rain,1,0
2025-03-19,8.95,0.0,0.0,clear,0,0
2025-03-18,0.64,0.0,0.0,clear,0,0
2025-03-17,3.3,0.0,0.0,clear,0,0
2025-03-16,11.8,6.6,0.0,rain,1,0
2025-03-15,8.25,0.0,0.0,clear,0,0
2025-03-14,3.09,0.0,0.0,clear,0,0
2025-03-13,0.25,0.0,0.0,clear,0,0
2025-03-12,-4.5,0.0,0.0,clear,0,0
2025-03-11,4.2,0.0,0.0,clear,0,0
2025-03-10,-0.35,0.8,0.8,snow,0,1
2025-03-09,-2.4,2.4,2.4,snow,0,1
2025-03-08,-4.34,0.0,0.0,clear,0,0
2025-03-07,-3.6,0.0,0.0,clear,0,0
2025-03-06,-0.14,1.4,0.6,snow,0,1
2025-03-05,4.64,6.6,0.0,rain,1,0
2025-03-04,-0.39,5.2,3.2,snow,0,1
2025-03-03,-13.39,0.0,0.0,clear,0,0
2025-03-02,-16.89,0.0,0.0,clear,0,0
2025-03-01,-6.9,1.6,1.6,snow,0,1
2025-02-28,-4.15,3.0,3.0,snow,0,1
2025-02-27,-1.7,6.0,5.6,snow,0,1
2025-02-26,-2.04,0.0,0.0,clear,0,0
2025-02-25,3.85,2.8,0.0,rain,1,0
2025-02-24,0.39,0.4,0.0,rain,1,0
2025-02-23,-3.55,0.6,0.6,snow,0,1
2025-02-22,-8.69,0.2,0.2,snow,0,1
2025-02-21,-9.89,0.0,0.0,clear,0,0
2025-02-20,-12.9,0.8,0.8,snow,0,1
2025-02-19,-14.0,0.0,0.0,clear,0,0
2025-02-18,-14.0,0.0,0.0,clear,0,0
2025-02-17,-11.95,2.2,2.2,snow,0,1
2025-02-16,-9.89,36.8,36.8,snow,0,1
2025-02-15,-11.39,1.6,1.6,snow,0,1
2025-02-14,-11.25,0.0,0.0,clear,0,0
2025-02-13,-7.65,34.0,34.0,snow,0,1
2025-02-12,-14.39,0.0,0.0,clear,0,0
2025-02-11,-8.35,0.2,0.2,snow,0,1
2025-02-10,-8.94,0.0,0.0,clear,0,0
2025-02-09,-7.19,2.8,2.8,snow,0,1
2025-02-08,-9.0,0.0,0.0,clear,0,0
2025-02-07,-5.05,1.6,1.6,snow,0,1
2025-02-06,-9.0,9.0,9.0,snow,0,1
2025-02-05,-15.85,0.0,0.0,clear,0,0
2025-02-04,-9.25,0.0,0.0,clear,0,0
2025-02-03,-6.3,6.6,6.6,snow,0,1
2025-02-02,-16.75,0.6,0.6,snow,0,1
2025-02-01,-14.65,0.0,0.0,clear,0,0
2025-01-31,-7.69,0.0,0.0,clear,0,0
2025-01-30,-14.8,0.8,1.2,snow,0,1
2025-01-29,-11.45,7.4,7.4,snow,0,1
2025-01-28,-8.3,0.8,0.8,snow,0,1
2025-01-27,-2.2,1.4,1.4,snow,0,1
2025-01-26,-4.35,1.4,1.8,snow,0,1
2025-01-25,-12.2,0.0,0.0,clear,0,0
2025-01-24,-13.25,0.0,0.0,clear,0,0
2025-01-23,-7.7,3.2,3.2,snow,0,1
2025-01-22,-13.6,0.0,0.0,clear,0,0
2025-01-21,-13.7,0.0,0.0,clear,0,0
2025-01-20,-14.0,0.0,0.0,clear,0,0
2025-01-19,-6.15,0.0,0.0,clear,0,0
2025-01-18,0.7,3.2,0.0,rain,1,0
2025-01-17,-4.64,0.2,0.2,snow,0,1
2025-01-16,-7.65,0.4,0.4,snow,0,1
2025-01-15,-9.55,0.0,0.0,clear,0,0
2025-01-14,-4.9,0.2,0.2,snow,0,1
2025-01-13,-3.15,3.9,3.9,snow,0,1
2025-01-12,-8.4,0.2,0.2,snow,0,1
2025-01-11,-6.4,2.6,2.6,snow,0,1
2025-01-10,-8.85,0.0,0.0,clear,0,0
2025-01-09,-9.1,0.6,0.6,snow,0,1
2025-01-08,-12.75,3.6,3.6,snow,0,1
2025-01-07,-9.15,4.0,4.0,snow,0,1
2025-01-06,-12.39,0.4,0.4,snow,0,1
2025-01-05,-11.65,0.2,0.0,rain,1,0
2025-01-04,-10.95,0.8,0.8,snow,0,1
2025-01-03,-6.8,0.4,0.4,snow,0,1
2025-01-02,-1.54,0.0,0.0,clear,0,0
2025-01-01,0.95,6.8,5.6,snow,0,1
2024-12-31,3.5,0.0,0.0,clear,0,0
2024-12-30,7.1,5.6,0.0,rain,1,0
2024-12-29,2.25,4.4,0.0,rain,1,0
2024-12-28,-5.8,0.4,0.0,rain,1,0
2024-12-27,-10.95,0.0,0.0,clear,0,0
2024-12-26,-12.5,0.0,0.0,clear,0,0
2024-12-25,-11.6,0.0,0.0,clear,0,0
2024-12-24,-8.69,5.6,5.6,snow,0,1
2024-12-23,-11.65,6.8,7.0,snow,0,1
2024-12-22,-14.1,0.0,0.0,clear,0,0
2024-12-21,-12.1,0.0,0.0,clear,0,0
2024-12-20,-8.8,0.8,0.8,snow,0,1
2024-12-19,-4.3,0.2,0.2,snow,0,1
2024-12-18,1.85,4.6,1.6,snow,0,1
2024-12-17,4.95,6.4,0.0,rain,1,0
2024-12-16,-0.85,0.0,0.0,clear,0,0
2024-12-15,-9.44,0.0,0.0,clear,0,0
2024-12-14,-8.8,0.0,0.0,clear,0,0
2024-12-13,-6.05,0.0,0.0,clear,0,0
2024-12-12,-3.15,0.2,0.0,rain,1,0
2024-12-11,3.2,29.0,0.0,rain,1,0
2024-12-10,0.0,8.8,0.6,snow,0,1
2024-12-09,-5.3,5.0,5.0,snow,0,1
2024-12-08,-0.19,7.0,7.8,snow,0,1
2024-12-07,-5.15,4.2,4.2,snow,0,1
2024-12-06,-6.25,0.0,0.0,clear,0,0
2024-12-05,-1.5,2.2,2.2,snow,0,1
2024-12-04,-3.45,2.4,2.4,snow,0,1
2024-12-03,-3.3,0.2,0.2,snow,0,1
2024-12-02,-3.5,0.2,0.2,snow,0,1
2024-12-01,-2.25,0.0,0.0,clear,0,0
2024-11-30,0.4,0.0,0.0,clear,0,0
2024-11-29,0.09,0.0,0.0,clear,0,0
2024-11-28,1.8,4.4,0.0,rain,1,0
2024-11-27,3.85,0.0,0.0,clear,0,0
2024-11-26,1.4,6.2,0.0,rain,1,0
2024-11-25,0.9,0.0,0.0,clear,0,0
2024-11-24,2.34,0.0,0.0,clear,0,0
2024-11-23,5.55,0.0,0.0,clear,0,0
2024-11-22,5.65,4.6,0.0,rain,1,0
2024-11-21,6.4,2.6,0.0,rain,1,0
2024-11-20,4.95,0.0,0.0,clear,0,0
2024-11-19,5.85,0.0,0.0,clear,0,0
2024-11-18,6.1,1.4,0.0,rain,1,0
2024-11-17,2.6,0.0,0.0,clear,0,0
2024-11-16,7.3,0.0,0.0,clear,0,0
2024-11-15,3.7,0.0,0.0,clear,0,0
2024-11-14,0.05,0.0,0.0,clear,0,0
2024-11-13,-0.14,0.0,0.0,clear,0,0
2024-11-12,2.35,0.0,0.0,clear,0,0
2024-11-11,9.55,18.6,0.0,rain,1,0
2024-11-10,5.0,0.2,0.0,rain,1,0
2024-11-09,4.3,0.0,0.0,clear,0,0
2024-11-08,8.05,0.8,0.0,rain,1,0
2024-11-07,8.75,1.0,0.0,rain,1,0
2024-11-06,16.25,0.0,0.0,clear,0,0
2024-11-05,13.0,0.0,0.0,clear,0,0
2024-11-04,5.09,6.4,0.0,rain,1,0
2024-11-03,0.95,0.0,0.0,clear,0,0
2024-11-02,1.85,0.0,0.0,clear,0,0
2024-11-01,11.5,3.4,0.0,rain,1,0
2024-10-31,21.54,0.0,0.0,clear,0,0
2024-10-30,16.39,0.0,0.0,clear,0,0
2024-10-29,6.55,6.6,0.0,rain,1,0
2024-10-28,0.89,0.0,0.0,clear,0,0
2024-10-27,2.7,0.0,0.0,clear,0,0
2024-10-26,6.65,0.2,0.0,rain,1,0
2024-10-25,5.65,0.8,0.0,rain,1,0
2024-10-24,7.75,0.0,0.0,clear,0,0
2024-10-23,16.85,2.2,0.0,rain,1,0
2024-10-22,16.1,0.0,0.0,clear,0,0
2024-10-21,16.75,0.0,0.0,clear,0,0
2024-10-20,13.85,0.0,0.0,clear,0,0
2024-10-19,11.75,0.0,0.0,clear,0,0
2024-10-18,9.69,0.0,0.0,clear,0,0
2024-10-17,6.95,0.0,0.0,clear,0,0
2024-10-16,6.55,0.0,0.0,clear,0,0
2024-10-15,6.3,2.4,0.0,rain,1,0
2024-10-14,6.05,4.6,0.0,rain,1,0
2024-10-13,7.69,0.0,0.0,clear,0,0
2024-10-12,10.19,0.2,0.0,rain,1,0
2024-10-11,12.15,1.6,0.0,rain,1,0
2024-10-10,9.65,0.0,0.0,clear,0,0
2024-10-09,9.44,0.2,0.0,rain,1,0
2024-10-08,9.25,0.0,0.0,clear,0,0
2024-10-07,11.95,0.0,0.0,clear,0,0
2024-10-06,13.2,2.4,0.0,rain,1,0
2024-10-05,14.2,0.0,0.0,clear,0,0
2024-10-04,17.04,0.4,0.0,rain,1,0
2024-10-03,14.75,0.2,0.0,rain,1,0
2024-10-02,15.39,3.2,0.0,rain,1,0
2024-10-01,17.2,0.0,0.0,clear,0,0
2024-09-30,17.5,0.0,0.0,clear,0,0
2024-09-29,16.6,0.0,0.0,clear,0,0
2024-09-28,16.29,0.0,0.0,clear,0,0
2024-09-27,16.6,0.0,0.0,clear,0,0
2024-09-26,18.04,7.0,0.0,rain,1,0
2024-09-25,14.6,11.2,0.0,rain,1,0
2024-09-24,18.0,0.0,0.0,clear,0,0
2024-09-23,15.45,9.8,0.0,rain,1,0
2024-09-22,18.05,0.0,0.0,clear,0,0
2024-09-21,19.25,0.0,0.0,clear,0,0
2024-09-20,20.25,0.0,0.0,clear,0,0
2024-09-19,22.2,0.0,0.0,clear,0,0
2024-09-18,21.9,0.0,0.0,clear,0,0
2024-09-17,23.05,0.0,0.0,clear,0,0
2024-09-16,22.8,0.0,0.0,clear,0,0
2024-09-15,21.85,0.0,0.0,clear,0,0
2024-09-14,21.95,0.0,0.0,clear,0,0
2024-09-13,20.5,0.0,0.0,clear,0,0
2024-09-12,20.5,0.0,0.0,clear,0,0
2024-09-11,17.45,0.0,0.0,clear,0,0
2024-09-10,14.2,0.0,0.0,clear,0,0
2024-09-09,15.64,0.0,0.0,clear,0,0
2024-09-08,10.25,0.0,0.0,clear,0,0
2024-09-07,15.8,18.2,0.0,rain,1,0
2024-09-06,21.0,0.0,0.0,clear,0,0
2024-09-05,20.5,0.0,0.0,clear,0,0
2024-09-04,19.0,0.0,0.0,clear,0,0
2024-09-03,15.95,0.0,0.0,clear,0,0
2024-09-02,14.25,0.0,0.0,clear,0,0
2024-09-01,19.8,7.2,0.0,rain,1,0
2024-08-31,20.45,9.4,0.0,rain,1,0
2024-08-30,18.95,0.0,0.0,clear,0,0
2024-08-29,16.64,0.0,0.0,clear,0,0
2024-08-28,17.89,0.0,0.0,clear,0,0
2024-08-27,23.35,7.2,0.0,rain,1,0
2024-08-26,21.79,0.0,0.0,clear,0,0
2024-08-25,21.79,2.4,0.0,rain,1,0
2024-08-24,21.1,0.0,0.0,clear,0,0
2024-08-23,19.5,0.0,0.0,clear,0,0
2024-08-22,16.85,0.8,0.0,rain,1,0
2024-08-21,14.15,23.2,0.0,rain,1,0
2024-08-20,15.75,2.1,0.0,rain,1,0
2024-08-19,17.25,22.8,0.0,rain,1,0
2024-08-18,23.7,1.0,0.0,rain,1,0
2024-08-17,24.3,3.0,0.0,rain,1,0
2024-08-16,24.35,0.0,0.0,clear,0,0
2024-08-15,23.4,0.0,0.0,clear,0,0
2024-08-14,23.7,0.0,0.0,clear,0,0
2024-08-13,22.0,0.0,0.0,clear,0,0
2024-08-12,18.85,0.0,0.0,clear,0,0
2024-08-11,20.5,1.2,0.0,rain,1,0
2024-08-10,21.95,0.4,0.0,rain,1,0
2024-08-09,20.1,154.0,0.0,rain,1,0
2024-08-08,20.75,4.6,0.0,rain,1,0
2024-08-07,19.95,0.0,0.0,clear,0,0
2024-08-06,19.0,0.0,0.0,clear,0,0
2024-08-05,18.5,4.8,0.0,rain,1,0
2024-08-04,25.5,1.8,0.0,rain,1,0
2024-08-03,27.0,0.0,0.0,clear,0,0
2024-08-02,27.0,0.0,0.0,clear,0,0
2024-08-01,26.85,0.0,0.0,clear,0,0
2024-07-31,25.45,9.8,0.0,rain,1,0
2024-07-30,26.04,0.6,0.0,rain,1,0
2024-07-29,24.85,0.0,0.0,clear,0,0
2024-07-28,23.75,0.0,0.0,clear,0,0
2024-07-27,22.2,0.0,0.0,clear,0,0
2024-07-26,21.85,0.0,0.0,clear,0,0
2024-07-25,20.14,1.2,0.0,rain,1,0
2024-07-24,22.85,16.4,0.0,rain,1,0
2024-07-23,23.04,0.0,0.0,clear,0,0
2024-07-22,21.75,0.0,0.0,clear,0,0
2024-07-21,19.6,0.0,0.0,clear,0,0
2024-07-20,22.54,4.0,0.0,rain,1,0
2024-07-19,20.85,0.0,0.0,clear,0,0
2024-07-18,20.75,0.0,0.0,clear,0,0
2024-07-17,25.05,0.0,0.0,clear,0,0
2024-07-16,25.0,2.0,0.0,rain,1,0
2024-07-15,26.25,1.0,0.0,rain,1,0
2024-07-14,24.9,0.0,0.0,clear,0,0
2024-07-13,25.4,0.0,0.0,clear,0,0
2024-07-12,23.45,0.0,0.0,clear,0,0
2024-07-11,20.14,2.8,0.0,rain,1,0
2024-07-10,22.85,79.2,0.0,rain,1,0
2024-07-09,25.85,0.0,0.0,clear,0,0
2024-07-08,25.35,0.0,0.0,clear,0,0
2024-07-07,24.29,0.0,0.0,clear,0,0
2024-07-06,23.35,2.0,0.0,rain,1,0
2024-07-05,25.75,0.4,0.0,rain,1,0
2024-07-04,25.55,0.4,0.0,rain,1,0
2024-07-03,23.95,4.2,0.0,rain,1,0
2024-07-02,22.05,0.0,0.0,clear,0,0
2024-07-01,20.85,0.0,0.0,clear,0,0
2024-06-30,22.65,0.0,0.0,clear,0,0
2024-06-29,19.5,6.7,0.0,rain,1,0
2024-06-28,16.35,0.0,0.0,clear,0,0
2024-06-27,14.95,1.2,0.0,rain,1,0
2024-06-26,22.65,12.4,0.0,rain,1,0
2024-06-25,22.25,0.8,0.0,rain,1,0
2024-06-24,20.7,7.2,0.0,rain,1,0
2024-06-23,21.7,52.4,0.0,rain,1,0
2024-06-22,21.4,0.6,0.0,rain,1,0
2024-06-21,21.9,0.0,0.0,clear,0,0
2024-06-20,27.6,1.8,0.0,rain,1,0
2024-06-19,28.75,0.0,0.0,clear,0,0
2024-06-18,27.35,0.0,0.0,clear,0,0
2024-06-17,24.0,0.0,0.0,clear,0,0
2024-06-16,16.2,0.0,0.0,clear,0,0
2024-06-15,16.0,0.0,0.0,clear,0,0
2024-06-14,19.1,0.0,0.0,clear,0,0
2024-06-13,20.75,5.4,0.0,rain,1,0
2024-06-12,17.14,0.0,0.0,clear,0,0
2024-06-11,15.14,0.0,0.0,clear,0,0
2024-06-10,15.2,2.2,0.0,rain,1,0
2024-06-09,16.6,6.4,0.0,rain,1,0
2024-06-08,18.25,5.2,0.0,rain,1,0
2024-06-07,18.85,4.8,0.0,rain,1,0
2024-06-06,21.85,21.6,0.0,rain,1,0
2024-06-05,25.5,0.0,0.0,clear,0,0
2024-06-04,24.04,0.0,0.0,clear,0,0
2024-06-03,22.9,0.0,0.0,clear,0,0
2024-06-02,21.05,0.0,0.0,clear,0,0
2024-06-01,19.85,0.0,0.0,clear,0,0
2024-05-31,17.89,0.0,0.0,clear,0,0
2024-05-30,15.05,0.0,0.0,clear,0,0
2024-05-29,15.4,0.0,0.0,clear,0,0
2024-05-28,17.64,0.2,0.0,rain,1,0
2024-05-27,22.1,23.0,0.0,rain,1,0
2024-05-26,19.25,0.0,0.0,clear,0,0
2024-05-25,15.3,0.8,0.0,rain,1,0
2024-05-24,15.6,0.2,0.0,rain,1,0
2024-05-23,21.45,1.2,0.0,rain,1,0
2024-05-22,24.2,5.0,0.0,rain,1,0
2024-05-21,21.75,4.8,0.0,rain,1,0
2024-05-20,22.55,0.0,0.0,clear,0,0
2024-05-19,20.45,0.4,0.0,rain,1,0
2024-05-18,20.14,0.0,0.0,clear,0,0
2024-05-17,20.9,0.0,0.0,clear,0,0
2024-05-16,19.45,0.0,0.0,clear,0,0
2024-05-15,16.54,2.8,0.0,rain,1,0
2024-05-14,17.35,4.8,0.0,rain,1,0
2024-05-13,15.7,0.4,0.0,rain,1,0
2024-05-12,14.14,0.2,0.0,rain,1,0
2024-05-11,13.45,0.0,0.0,clear,0,0
2024-05-10,12.39,0.0,0.0,clear,0,0
2024-05-09,11.6,1.2,0.0,rain,1,0
2024-05-08,11.5,7.4,0.0,rain,1,0
2024-05-07,14.55,0.0,0.0,clear,0,0
2024-05-06,16.35,0.4,0.0,rain,1,0
2024-05-05,12.14,13.4,0.0,rain,1,0
2024-05-04,14.2,1.4,0.0,rain,1,0
2024-05-03,14.4,0.0,0.0,clear,0,0
2024-05-02,11.2,4.8,0.0,rain,1,0
2024-05-01,10.7,0.0,0.0,clear,0,0
2024-04-30,6.94,27.6,0.0,rain,1,0
2024-04-29,9.55,0.4,0.0,rain,1,0
2024-04-28,12.45,7.4,0.0,rain,1,0
2024-04-27,12.6,0.2,0.0,rain,1,0
2024-04-26,6.55,0.0,0.0,clear,0,0
2024-04-25,2.9,0.0,0.0,clear,0,0
2024-04-24,4.4,12.8,0.0,rain,1,0
2024-04-23,11.0,0.0,0.0,clear,0,0
2024-04-22,3.25,0.0,0.0,clear,0,0
2024-04-21,4.5,0.6,0.0,rain,1,0
2024-04-20,7.15,0.0,0.0,clear,0,0
2024-04-19,9.65,1.4,0.0,rain,1,0
2024-04-18,7.95,6.2,0.0,rain,1,0
2024-04-17,5.2,0.0,0.0,clear,0,0
2024-04-16,7.4,0.0,0.0,clear,0,0
2024-04-15,10.5,0.4,0.0,rain,1,0
2024-04-14,6.85,2.0,0.0,rain,1,0
2024-04-13,7.1,1.4,0.0,rain,1,0
2024-04-12,15.75,15.4,0.0,rain,1,0
2024-04-11,10.5,14.5,0.0,rain,1,0
2024-04-10,11.9,0.0,0.0,clear,0,0
2024-04-09,11.4,0.0,0.0,clear,0,0
2024-04-08,9.95,0.0,0.0,clear,0,0
2024-04-07,5.25,0.0,0.0,clear,0,0
2024-04-06,4.8,0.0,0.0,clear,0,0
2024-04-05,2.95,5.4,0.2,snow,0,1
2024-04-04,-0.04,24.0,20.0,snow,0,1
2024-04-03,5.25,21.8,6.0,snow,0,1
2024-04-02,4.7,0.0,0.0,clear,0,0
2024-04-01,4.9,0.0,0.0,clear,0,0
2024-03-31,5.9,0.0,0.0,clear,0,0
2024-03-30,2.9,0.0,0.0,clear,0,0
2024-03-29,4.34,0.0,0.0,clear,0,0
2024-03-28,5.05,0.0,0.0,clear,0,0
2024-03-27,9.69,2.6,0.0,rain,1,0
2024-03-26,5.55,0.0,0.0,clear,0,0
2024-03-25,1.0,0.0,0.0,clear,0,0
2024-03-24,-5.44,0.0,0.0,clear,0,0
2024-03-23,-7.3,5.6,5.8,snow,0,1
2024-03-22,-7.19,0.0,0.0,clear,0,0
2024-03-21,-6.19,0.0,0.0,clear,0,0
2024-03-20,0.0,1.0,1.0,snow,0,1
2024-03-19,-1.49,1.8,1.8,snow,0,1
2024-03-18,1.35,2.2,0.2,snow,0,1
2024-03-17,5.0,7.4,0.0,rain,1,0
2024-03-16,4.3,4.4,0.0,rain,1,0
2024-03-15,7.9,2.8,0.0,rain,1,0
2024-03-14,5.65,0.0,0.0,clear,0,0
2024-03-13,2.85,0.0,0.0,clear,0,0
2024-03-12,3.9,0.0,0.0,clear,0,0
2024-03-11,0.19,0.6,0.6,snow,0,1
2024-03-10,-0.1,8.8,7.4,snow,0,1
2024-03-09,3.45,14.4,0.0,rain,1,0
2024-03-08,2.6,0.0,0.0,clear,0,0
2024-03-07,4.4,0.0,0.0,clear,0,0
2024-03-06,5.09,4.2,0.0,rain,1,0
2024-03-05,6.95,0.6,0.0,rain,1,0
2024-03-04,4.65,0.0,0.0,clear,0,0
2024-03-03,4.9,0.4,0.0,rain,1,0
2024-03-02,-0.94,3.0,0.0,rain,1,0
2024-03-01,-6.15,0.0,0.0,clear,0,0
2024-02-29,-10.25,0.0,0.0,clear,0,0
2024-02-28,0.9,7.8,0.4,snow,0,1
2024-02-27,6.95,0.0,0.0,clear,0,0
2024-02-26,2.15,1.0,1.0,snow,0,1
2024-02-25,-5.45,0.0,0.0,clear,0,0
2024-02-24,-11.89,0.0,0.0,clear,0,0
2024-02-23,-1.85,0.0,0.0,clear,0,0
2024-02-22,1.6,0.4,0.0,rain,1,0
2024-02-21,-4.05,0.0,0.0,clear,0,0
2024-02-20,-9.69,0.0,0.0,clear,0,0
2024-02-19,-10.15,0.0,0.0,clear,0,0
2024-02-18,-8.1,5.2,7.0,snow,0,1
2024-02-17,-10.95,0.0,0.0,clear,0,0
2024-02-16,-5.25,3.4,3.4,snow,0,1
2024-02-15,-6.9,3.4,3.4,snow,0,1
2024-02-14,-7.44,0.0,0.0,clear,0,0
2024-02-13,-2.25,1.4,1.4,snow,0,1
2024-02-12,-0.85,0.0,0.0,clear,0,0
2024-02-11,2.29,0.0,0.0,clear,0,0
2024-02-10,5.09,1.8,0.0,rain,1,0
2024-02-09,2.6,6.8,0.0,rain,1,0
2024-02-08,1.54,0.0,0.0,clear,0,0
2024-02-07,-5.19,0.0,0.0,clear,0,0
2024-02-06,-4.05,0.0,0.0,clear,0,0
2024-02-05,-4.5,0.0,0.0,clear,0,0
2024-02-04,-5.65,0.0,0.0,clear,0,0
2024-02-03,-5.5,0.0,0.0,clear,0,0
2024-02-02,-2.1,0.0,0.0,clear,0,0
2024-02-01,1.14,1.6,0.0,rain,1,0
2024-01-31,-2.55,0.0,0.0,clear,0,0
2024-01-30,-7.4,0.0,0.0,clear,0,0
2024-01-29,-2.25,0.0,0.0,clear,0,0
2024-01-28,0.7,0.0,0.0,clear,0,0
2024-01-27,0.19,0.0,0.0,clear,0,0
2024-01-26,-0.1,6.6,0.8,snow,0,1
2024-01-25,-1.99,1.2,0.0,rain,1,0
2024-01-24,-7.5,7.6,0.4,snow,0,1
2024-01-23,-4.84,0.0,0.0,clear,0,0
2024-01-22,-6.5,0.6,0.6,snow,0,1
2024-01-21,-12.14,0.0,0.0,clear,0,0
2024-01-20,-13.95,1.6,1.6,snow,0,1
2024-01-19,-13.1,0.0,0.0,clear,0,0
2024-01-18,-8.8,0.0,0.0,clear,0,0
2024-01-17,-11.3,0.0,0.0,clear,0,0
2024-01-16,-8.8,3.8,3.8,snow,0,1
2024-01-15,-5.9,0.0,0.0,clear,0,0
2024-01-14,-4.45,2.6,2.6,snow,0,1
2024-01-13,-2.6,17.4,16.8,snow,0,1
2024-01-12,-5.05,0.0,0.0,clear,0,0
2024-01-11,-4.84,0.4,0.4,snow,0,1
2024-01-10,1.5,13.0,0.0,rain,1,0
2024-01-09,-2.7,22.0,16.4,snow,0,1
2024-01-08,-5.09,0.0,0.0,clear,0,0
2024-01-07,-7.4,8.6,8.6,snow,0,1
2024-01-06,-6.44,3.8,3.8,snow,0,1
2024-01-05,-7.15,0.4,0.4,snow,0,1
2024-01-04,-4.8,0.8,0.8,snow,0,1
2024-01-03,0.8,0.0,0.0,clear,0,0
2024-01-02,-2.04,0.0,0.0,clear,0,0
2024-01-01,-5.9,0.0,0.0,clear,0,0
2023-12-31,-4.84,0.0,0.0,clear,0,0
2023-12-30,-1.45,0.8,0.0,rain,1,0
2023-12-29,1.54,6.2,0.0,rain,1,0
2023-12-28,1.95,1.8,0.0,rain,1,0
2023-12-27,2.45,2.6,0.0,rain,1,0
2023-12-26,4.9,0.0,0.0,clear,0,0
2023-12-25,2.85,0.0,0.0,clear,0,0
2023-12-24,0.09,0.0,0.0,clear,0,0
2023-12-23,-4.65,0.0,0.0,clear,0,0
2023-12-22,-7.4,0.0,0.0,clear,0,0
2023-12-21,-6.4,0.0,0.0,clear,0,0
2023-12-20,-3.6,0.0,0.0,clear,0,0
2023-12-19,-0.29,1.6,1.0,snow,0,1
2023-12-18,7.15,53.0,0.0,rain,1,0
2023-12-17,3.7,15.6,0.0,rain,1,0
2023-12-16,1.6,0.0,0.0,clear,0,0
2023-12-15,5.05,0.0,0.0,clear,0,0
2023-12-14,-2.74,0.0,0.0,clear,0,0
2023-12-13,-2.8,0.0,0.0,clear,0,0
2023-12-12,-1.05,1.0,0.4,snow,0,1
2023-12-11,-1.35,6.8,4.4,snow,0,1
2023-12-10,3.9,11.4,0.0,rain,1,0
2023-12-09,-1.55,0.0,0.0,clear,0,0
2023-12-08,-5.75,0.0,0.0,clear,0,0
2023-12-07,-10.25,0.0,0.0,clear,0,0
2023-12-06,-9.8,0.0,0.0,clear,0,0
2023-12-05,-6.4,0.2,0.2,snow,0,1
2023-12-04,-2.6,13.6,13.6,snow,0,1
2023-12-03,-1.0,20.0,21.8,snow,0,1
2023-12-02,1.14,2.4,0.0,rain,1,0
2023-12-01,5.35,6.4,0.0,rain,1,0
2023-11-30,3.1,0.0,0.0,clear,0,0
2023-11-29,-4.0,0.0,0.0,clear,0,0
2023-11-28,-2.55,0.0,0.0,clear,0,0
2023-11-27,2.75,7.2,0.0,rain,1,0
2023-11-26,1.95,9.0,0.0,rain,1,0
2023-11-25,-2.7,0.0,0.0,clear,0,0
2023-11-24,-2.95,0.0,0.0,clear,0,0
2023-11-23,2.84,0.4,0.0,rain,1,0
2023-11-22,3.65,12.6,0.0,rain,1,0
2023-11-21,-2.15,10.4,0.4,snow,0,1
2023-11-20,-3.05,0.0,0.0,clear,0,0
2023-11-19,1.0,0.0,0.0,clear,0,0
2023-11-18,1.65,0.0,0.0,clear,0,0
2023-11-17,8.6,7.2,0.0,rain,1,0
2023-11-16,6.2,0.0,0.0,clear,0,0
2023-11-15,5.85,0.0,0.0,clear,0,0
2023-11-14,1.6,0.0,0.0,clear,0,0
2023-11-13,-2.25,0.4,0.4,snow,0,1
2023-11-12,-1.2,0.0,0.0,clear,0,0
2023-11-11,0.95,0.0,0.0,clear,0,0
2023-11-10,4.05,0.0,0.0,clear,0,0
2023-11-09,0.65,7.0,7.0,snow,0,1
2023-11-08,1.55,0.0,0.0,clear,0,0
2023-11-07,5.5,8.8,0.0,rain,1,0
2023-11-06,2.65,1.4,0.0,rain,1,0
2023-11-05,4.05,0.0,0.0,clear,0,0
2023-11-04,7.1,0.6,0.0,rain,1,0
2023-11-03,9.25,0.2,0.0,rain,1,0
2023-11-02,2.6,0.0,0.0,clear,0,0
2023-11-01,-0.25,0.0,0.0,clear,0,0
2023-10-31,1.3,0.0,0.0,clear,0,0
2023-10-30,2.75,7.8,7.4,snow,0,1
2023-10-29,4.5,0.0,0.0,clear,0,0
2023-10-28,12.65,0.2,0.0,rain,1,0
2023-10-27,17.3,0.2,0.0,rain,1,0
2023-10-26,16.39,7.0,0.0,rain,1,0
2023-10-25,15.05,2.8,0.0,rain,1,0
2023-10-24,7.94,5.0,0.0,rain,1,0
2023-10-23,7.55,0.8,0.0,rain,1,0
2023-10-22,7.25,9.6,0.0,rain,1,0
2023-10-21,11.4,15.4,0.0,rain,1,0
2023-10-20,15.45,0.0,0.0,clear,0,0
2023-10-19,13.95,0.0,0.0,clear,0,0
2023-10-18,12.1,0.0,0.0,clear,0,0
2023-10-17,11.35,0.0,0.0,clear,0,0
2023-10-16,11.7,0.0,0.0,clear,0,0
2023-10-15,9.69,0.0,0.0,clear,0,0
2023-10-14,10.3,0.6,0.0,rain,1,0
2023-10-13,10.5,0.0,0.0,clear,0,0
2023-10-12,11.1,0.0,0.0,clear,0,0
2023-10-11,10.9,2.2,0.0,rain,1,0
2023-10-10,10.75,0.6,0.0,rain,1,0
2023-10-09,10.6,0.8,0.0,rain,1,0
2023-10-08,11.35,9.0,0.0,rain,1,0
2023-10-07,13.39,51.6,0.0,rain,1,0
2023-10-06,20.25,25.0,0.0,rain,1,0
2023-10-05,23.5,0.0,0.0,clear,0,0
2023-10-04,22.85,0.0,0.0,clear,0,0
2023-10-03,21.79,0.0,0.0,clear,0,0
2023-10-02,16.5,0.8,0.0,rain,1,0
2023-10-01,18.89,0.0,0.0,clear,0,0
2023-09-30,17.45,0.0,0.0,clear,0,0
2023-09-29,15.1,0.0,0.0,clear,0,0
2023-09-28,15.39,0.0,0.0,clear,0,0
2023-09-27,14.2,0.0,0.0,clear,0,0
2023-09-26,13.85,0.0,0.0,clear,0,0
2023-09-25,15.95,0.0,0.0,clear,0,0
2023-09-24,18.5,0.0,0.0,clear,0,0
2023-09-23,16.35,0.0,0.0,clear,0,0
2023-09-22,16.35,0.0,0.0,clear,0,0
2023-09-21,14.95,0.0,0.0,clear,0,0
2023-09-20,15.15,0.0,0.0,clear,0,0
2023-09-19,15.6,4.0,0.0,rain,1,0
2023-09-18,17.0,0.0,0.0,clear,0,0
2023-09-17,17.39,0.0,0.0,clear,0,0
2023-09-16,18.5,0.0,0.0,clear,0,0
2023-09-15,15.4,0.0,0.0,clear,0,0
2023-09-14,14.0,0.0,0.0,clear,0,0
2023-09-13,19.2,9.2,0.0,rain,1,0
2023-09-12,18.39,0.2,0.0,rain,1,0
2023-09-11,19.0,0.0,0.0,clear,0,0
2023-09-10,17.05,13.0,0.0,rain,1,0
2023-09-09,18.14,0.0,0.0,clear,0,0
2023-09-08,22.15,0.6,0.0,rain,1,0
2023-09-07,26.05,0.0,0.0,clear,0,0
2023-09-06,26.79,0.0,0.0,clear,0,0
2023-09-05,26.25,0.0,0.0,clear,0,0
2023-09-04,24.55,0.0,0.0,clear,0,0
2023-09-03,23.25,0.0,0.0,clear,0,0
2023-09-02,20.25,0.0,0.0,clear,0,0
2023-09-01,17.89,0.0,0.0,clear,0,0
2023-08-31,15.45,0.0,0.0,clear,0,0
2023-08-30,17.75,32.2,0.0,rain,1,0
2023-08-29,21.6,0.6,0.0,rain,1,0
2023-08-28,19.35,0.0,0.0,clear,0,0
2023-08-27,18.89,0.0,0.0,clear,0,0
2023-08-26,20.5,1.2,0.0,rain,1,0
2023-08-25,18.29,0.8,0.0,rain,1,0
2023-08-24,20.9,4.8,0.0,rain,1,0
2023-08-23,19.0,0.0,0.0,clear,0,0
2023-08-22,18.5,0.0,0.0,clear,0,0
2023-08-21,18.45,0.0,0.0,clear,0,0
2023-08-20,20.6,0.0,0.0,clear,0,0
2023-08-19,16.8,8.0,0.0,rain,1,0
2023-08-18,20.0,8.4,0.0,rain,1,0
2023-08-17,23.35,0.2,0.0,rain,1,0
2023-08-16,22.25,0.0,0.0,clear,0,0
2023-08-15,21.0,0.0,0.0,clear,0,0
2023-08-14,20.1,0.0,0.0,clear,0,0
2023-08-13,21.9,0.0,0.0,clear,0,0
2023-08-12,19.54,20.2,0.0,rain,1,0
2023-08-11,19.8,0.0,0.0,clear,0,0
2023-08-10,21.3,16.2,0.0,rain,1,0
2023-08-09,22.25,0.0,0.0,clear,0,0
2023-08-08,22.25,7.4,0.0,rain,1,0
2023-08-07,20.14,4.0,0.0,rain,1,0
2023-08-06,20.95,0.0,0.0,clear,0,0
2023-08-05,20.55,0.0,0.0,clear,0,0
2023-08-04,21.75,0.0,0.0,clear,0,0
2023-08-03,20.9,8.6,0.0,rain,1,0
2023-08-02,17.8,0.0,0.0,clear,0,0
2023-08-01,16.6,0.0,0.0,clear,0,0
2023-07-31,18.25,3.6,0.0,rain,1,0
2023-07-30,18.1,7.2,0.0,rain,1,0
2023-07-29,16.6,0.4,0.0,rain,1,0
2023-07-28,23.7,24.2,0.0,rain,1,0
2023-07-27,22.29,28.8,0.0,rain,1,0
2023-07-26,24.7,1.0,0.0,rain,1,0
2023-07-25,23.1,0.0,0.0,clear,0,0
2023-07-24,24.0,0.4,0.0,rain,1,0
2023-07-23,22.29,0.0,0.0,clear,0,0
2023-07-22,21.3,0.0,0.0,clear,0,0
2023-07-21,22.15,27.4,0.0,rain,1,0
2023-07-20,22.25,0.0,0.0,clear,0,0
2023-07-19,21.79,0.0,0.0,clear,0,0
2023-07-18,22.65,11.8,0.0,rain,1,0
2023-07-17,24.7,0.0,0.0,clear,0,0
2023-07-16,24.15,13.4,0.0,rain,1,0
2023-07-15,23.15,0.0,0.0,clear,0,0
2023-07-14,21.45,0.0,0.0,clear,0,0
2023-07-13,22.95,38.6,0.0,rain,1,0
2023-07-12,21.75,0.0,0.0,clear,0,0
2023-07-11,24.35,3.6,0.0,rain,1,0
2023-07-10,20.85,11.4,0.0,rain,1,0
2023-07-09,23.95,4.8,0.0,rain,1,0
2023-07-08,25.05,0.0,0.0,clear,0,0
2023-07-07,24.6,0.6,0.0,rain,1,0
2023-07-06,27.05,0.0,0.0,clear,0,0
2023-07-05,25.5,0.0,0.0,clear,0,0
2023-07-04,24.29,3.6,0.0,rain,1,0
2023-07-03,23.9,0.0,0.0,clear,0,0
2023-07-02,23.35,3.4,0.0,rain,1,0
2023-07-01,22.3,27.4,0.0,rain,1,0
2023-06-30,22.35,0.0,0.0,clear,0,0
2023-06-29,20.3,5.6,0.0,rain,1,0
2023-06-28,19.89,8.2,0.0,rain,1,0
2023-06-27,23.45,4.8,0.0,rain,1,0
2023-06-26,24.6,0.0,0.0,clear,0,0
2023-06-25,22.5,0.0,0.0,clear,0,0
2023-06-24,22.25,23.4,0.0,rain,1,0
2023-06-23,23.95,0.0,0.0,clear,0,0
2023-06-22,22.8,0.0,0.0,clear,0,0
2023-06-21,20.85,0.0,0.0,clear,0,0
2023-06-20,18.95,0.0,0.0,clear,0,0
2023-06-19,17.39,0.0,0.0,clear,0,0
2023-06-18,16.25,0.0,0.0,clear,0,0
2023-06-17,15.0,4.8,0.0,rain,1,0
2023-06-16,19.85,0.0,0.0,clear,0,0
2023-06-15,20.55,4.0,0.0,rain,1,0
2023-06-14,18.05,0.0,0.0,clear,0,0
2023-06-13,18.89,15.4,0.0,rain,1,0
2023-06-12,24.25,0.0,0.0,clear,0,0
2023-06-11,19.95,0.0,0.0,clear,0,0
2023-06-10,17.6,0.0,0.0,clear,0,0
2023-06-09,15.2,0.0,0.0,clear,0,0
2023-06-08,14.15,2.2,0.0,rain,1,0
2023-06-07,13.5,4.6,0.0,rain,1,0
2023-06-06,16.8,0.2,0.0,rain,1,0
2023-06-05,16.2,0.0,0.0,clear,0,0
2023-06-04,13.4,0.0,0.0,clear,0,0
2023-06-03,14.9,0.0,0.0,clear,0,0
2023-06-02,22.5,0.2,0.0,rain,1,0
2023-06-01,25.7,0.0,0.0,clear,0,0
2023-05-31,23.3,0.0,0.0,clear,0,0
2023-05-30,19.0,0.0,0.0,clear,0,0
2023-05-29,17.5,0.0,0.0,clear,0,0
2023-05-28,22.75,0.0,0.0,clear,0,0
2023-05-27,18.95,0.0,0.0,clear,0,0
2023-05-26,14.2,0.0,0.0,clear,0,0
2023-05-25,12.6,0.0,0.0,clear,0,0
2023-05-24,11.85,8.4,0.0,rain,1,0
2023-05-23,13.7,0.0,0.0,clear,0,0
2023-05-22,10.14,0.0,0.0,clear,0,0
2023-05-21,15.75,0.0,0.0,clear,0,0
2023-05-20,18.05,4.2,0.0,rain,1,0
2023-05-19,15.0,0.0,0.0,clear,0,0
2023-05-18,7.69,0.0,0.0,clear,0,0
2023-05-17,5.45,0.0,0.0,clear,0,0
2023-05-16,9.35,4.8,0.0,rain,1,0
2023-05-15,15.35,0.0,0.0,clear,0,0
2023-05-14,11.8,0.0,0.0,clear,0,0
2023-05-13,13.8,0.0,0.0,clear,0,0
2023-05-12,20.05,0.0,0.0,clear,0,0
2023-05-11,17.54,0.0,0.0,clear,0,0
2023-05-10,14.45,0.0,0.0,clear,0,0
2023-05-09,10.04,0.0,0.0,clear,0,0
2023-05-08,13.45,0.0,0.0,clear,0,0
2023-05-07,15.95,0.0,0.0,clear,0,0
2023-05-06,15.25,0.0,0.0,clear,0,0
2023-05-05,11.6,0.0,0.0,clear,0,0
2023-05-04,8.9,0.0,0.0,clear,0,0
2023-05-03,7.9,5.0,0.0,rain,1,0
2023-05-02,9.85,6.4,0.0,rain,1,0
2023-05-01,9.35,14.8,0.0,rain,1,0
2023-04-30,11.4,11.2,0.0,rain,1,0
2023-04-29,11.55,6.6,0.0,rain,1,0
2023-04-28,11.1,0.0,0.0,clear,0,0
2023-04-27,6.9,0.0,0.0,clear,0,0
2023-04-26,6.3,2.0,0.0,rain,1,0
2023-04-25,7.15,3.2,0.0,rain,1,0
2023-04-24,6.45,3.2,0.0,rain,1,0
2023-04-23,9.14,16.8,0.0,rain,1,0
2023-04-22,13.1,0.4,0.0,rain,1,0
2023-04-21,8.9,0.6,0.0,rain,1,0
2023-04-20,4.75,0.0,0.0,clear,0,0
2023-04-19,4.4,0.0,0.0,clear,0,0
2023-04-18,6.7,0.0,0.0,clear,0,0
2023-04-17,8.85,12.8,0.0,rain,1,0
2023-04-16,15.25,0.0,0.0,clear,0,0
2023-04-15,15.45,0.0,0.0,clear,0,0
2023-04-14,14.6,0.0,0.0,clear,0,0
2023-04-13,16.8,0.0,0.0,clear,0,0
2023-04-12,12.15,0.0,0.0,clear,0,0
2023-04-11,13.6,0.0,0.0,clear,0,0
2023-04-10,9.45,0.0,0.0,clear,0,0
2023-04-09,3.59,0.0,0.0,clear,0,0
2023-04-08,0.75,0.0,0.0,clear,0,0
2023-04-07,0.64,0.0,0.0,clear,0,0
2023-04-06,4.65,0.0,0.0,clear,0,0
2023-04-05,-1.25,39.4,0.0,rain,1,0
2023-04-04,4.7,0.0,0.0,clear,0,0
2023-04-03,2.7,0.0,0.0,clear,0,0
2023-04-02,-2.9,0.0,0.0,clear,0,0
2023-04-01,6.3,5.2,0.0,rain,1,0
2023-03-31,-0.25,2.2,1.2,snow,0,1
2023-03-30,-3.7,0.0,0.0,clear,0,0
2023-03-29,2.7,0.6,0.6,snow,0,1
2023-03-28,0.44,0.0,0.0,clear,0,0
2023-03-27,2.54,0.0,0.0,clear,0,0
2023-03-26,3.34,0.6,0.0,rain,1,0
2023-03-25,-0.19,7.8,6.0,snow,0,1
2023-03-24,1.04,0.0,0.0,clear,0,0
2023-03-23,0.95,9.8,0.0,rain,1,0
2023-03-22,-2.29,0.0,0.0,clear,0,0
2023-03-21,1.3,0.0,0.0,clear,0,0
2023-03-20,0.39,0.0,0.0,clear,0,0
2023-03-19,-4.75,0.0,0.0,clear,0,0
2023-03-18,0.35,0.0,0.0,clear,0,0
2023-03-17,3.7,13.4,0.0,rain,1,0
2023-03-16,0.49,0.0,0.0,clear,0,0
2023-03-15,2.95,0.0,0.0,clear,0,0
2023-03-14,1.7,5.6,1.6,snow,0,1
2023-03-13,1.55,0.0,0.0,clear,0,0
2023-03-12,-1.95,0.0,0.0,clear,0,0
2023-03-11,-1.5,0.0,0.0,clear,0,0
2023-03-10,-5.0,0.0,0.0,clear,0,0
2023-03-09,-2.09,0.0,0.0,clear,0,0
2023-03-08,-2.65,0.0,0.0,clear,0,0
2023-03-07,-3.15,0.2,0.2,snow,0,1
2023-03-06,-0.7,0.0,0.0,clear,0,0
2023-03-05,0.14,0.0,0.0,clear,0,0
2023-03-04,-4.1,14.6,14.6,snow,0,1
2023-03-03,-7.85,0.0,0.0,clear,0,0
2023-03-02,-1.54,3.4,2.8,snow,0,1
2023-03-01,-1.7,0.0,0.0,clear,0,0
2023-02-28,-2.95,15.2,15.2,snow,0,1
2023-02-27,-10.95,0.0,0.0,clear,0,0
2023-02-26,-11.95,1.8,2.0,snow,0,1
2023-02-25,-16.7,1.6,1.6,snow,0,1
2023-02-24,-13.15,0.0,0.0,clear,0,0
2023-02-23,-10.75,5.6,5.6,snow,0,1
2023-02-22,-9.0,0.0,0.0,clear,0,0
2023-02-21,-9.9,2.0,2.0,snow,0,1
2023-02-20,-2.3,0.0,0.0,clear,0,0
2023-02-19,0.39,0.0,0.0,clear,0,0
2023-02-18,-7.0,0.0,0.0,clear,0,0
2023-02-17,-6.69,13.2,7.6,snow,0,1
2023-02-16,1.69,0.4,0.2,snow,0,1
2023-02-15,4.25,3.4,0.0,rain,1,0
2023-02-14,1.4,0.0,0.0,clear,0,0
2023-02-13,-1.1,0.0,0.0,clear,0,0
2023-02-12,-1.95,0.0,0.0,clear,0,0
2023-02-11,-4.55,0.4,0.4,snow,0,1
2023-02-10,1.0,3.8,1.2,snow,0,1
2023-02-09,-2.6,18.6,0.8,snow,0,1
2023-02-08,0.39,0.0,0.0,clear,0,0
2023-02-07,-7.54,2.6,2.2,snow,0,1
2023-02-06,-8.54,0.0,0.0,clear,0,0
2023-02-05,-12.8,2.0,2.0,snow,0,1
2023-02-04,-21.6,0.0,0.0,clear,0,0
2023-02-03,-21.2,0.0,0.0,clear,0,0
2023-02-02,-7.65,1.0,1.2,snow,0,1
2023-02-01,-14.65,0.2,0.2,snow,0,1
2023-01-31,-13.89,0.0,0.0,clear,0,0
2023-01-30,-9.85,4.8,5.4,snow,0,1
2023-01-29,-7.4,10.8,10.8,snow,0,1
2023-01-28,-1.0,1.8,1.8,snow,0,1
2023-01-27,-7.15,1.2,1.4,snow,0,1
2023-01-26,-5.6,6.4,6.4,snow,0,1
2023-01-25,-9.39,21.8,21.8,snow,0,1
2023-01-24,-3.8,0.0,0.0,clear,0,0
2023-01-23,-1.6,0.0,0.0,clear,0,0
2023-01-22,-1.55,1.6,1.4,snow,0,1
2023-01-21,-2.85,0.0,0.0,clear,0,0
2023-01-20,-4.0,6.6,6.6,snow,0,1
2023-01-19,-1.95,8.0,8.0,snow,0,1
2023-01-18,-1.14,1.6,0.2,snow,0,1
2023-01-17,-7.4,1.2,0.8,snow,0,1
2023-01-16,-10.5,0.0,0.0,clear,0,0
2023-01-15,-8.75,0.0,0.0,clear,0,0
2023-01-14,-8.5,0.0,0.0,clear,0,0
2023-01-13,-3.1,16.0,16.2,snow,0,1
2023-01-12,-4.64,9.2,9.4,snow,0,1
2023-01-11,-10.4,0.0,0.0,clear,0,0
2023-01-10,-6.85,0.0,0.0,clear,0,0
2023-01-09,-2.54,0.4,0.4,snow,0,1
2023-01-08,-6.25,0.0,0.0,clear,0,0
2023-01-07,-4.0,0.0,0.0,clear,0,0
2023-01-06,-1.85,0.6,0.4,snow,0,1
2023-01-05,-3.85,3.6,0.8,snow,0,1
2023-01-04,-0.64,4.4,3.0,snow,0,1
2023-01-03,2.6,0.0,0.0,clear,0,0
2023-01-02,2.1,1.4,0.0,rain,1,0
2023-01-01,2.35,4.0,0.0,rain,1,0
2022-12-31,5.25,13.6,0.0,rain,1,0
2022-12-30,6.25,2.0,0.0,rain,1,0
2022-12-29,0.64,0.0,0.0,clear,0,0
2022-12-28,-2.0,5.6,5.6,snow,0,1
2022-12-27,-6.65,1.8,1.8,snow,0,1
2022-12-26,-6.19,0.4,0.6,snow,0,1
2022-12-25,-6.05,1.8,2.4,snow,0,1
2022-12-24,-8.69,0.8,0.8,snow,0,1
2022-12-23,-0.84,31.4,14.4,snow,0,1
2022-12-22,-5.75,5.6,5.6,snow,0,1
2022-12-21,-3.9,0.0,0.0,clear,0,0
2022-12-20,-3.85,0.0,0.0,clear,0,0
2022-12-19,-2.2,0.0,0.0,clear,0,0
2022-12-18,-2.25,0.0,0.0,clear,0,0
2022-12-17,-0.45,13.0,14.4,snow,0,1
2022-12-16,0.6,17.2,17.2,snow,0,1
2022-12-15,2.8,0.0,0.0,clear,0,0
2022-12-14,-3.65,0.0,0.0,clear,0,0
2022-12-13,-4.89,0.0,0.0,clear,0,0
2022-12-12,-6.55,0.0,0.0,clear,0,0
2022-12-11,-6.65,0.0,0.0,clear,0,0
2022-12-10,-7.75,0.0,0.0,clear,0,0
2022-12-09,-5.44,0.0,0.0,clear,0,0
2022-12-08,1.05,0.0,0.0,clear,0,0
2022-12-07,7.05,8.0,0.0,rain,1,0
2022-12-06,5.45,17.0,0.0,rain,1,0
2022-12-05,3.1,0.0,0.0,clear,0,0
2022-12-04,-1.99,0.0,0.0,clear,0,0
2022-12-03,4.7,7.6,0.0,rain,1,0
2022-12-02,-0.1,0.0,0.0,clear,0,0
2022-12-01,-1.0,0.2,0.2,snow,0,1
2022-11-30,4.45,16.6,0.0,rain,1,0
2022-11-29,-0.54,0.0,0.0,clear,0,0
2022-11-28,1.8,0.8,0.0,rain,1,0
2022-11-27,6.55,3.6,0.0,rain,1,0
2022-11-26,4.5,0.0,0.0,clear,0,0
2022-11-25,1.0,4.6,0.0,rain,1,0
2022-11-24,-1.3,0.0,0.0,clear,0,0
2022-11-23,-1.2,0.0,0.0,clear,0,0
2022-11-22,-3.0,0.0,0.0,clear,0,0
2022-11-21,-3.4,0.0,0.0,clear,0,0
2022-11-20,-5.4,0.2,0.2,snow,0,1
2022-11-19,-1.1,0.6,0.8,snow,0,1
2022-11-18,-5.0,1.1,2.2,snow,0,1
2022-11-17,-3.34,0.0,0.0,clear,0,0
2022-11-16,-0.25,11.4,11.4,snow,0,1
2022-11-15,-0.95,0.0,0.0,clear,0,0
2022-11-14,0.0,0.0,0.0,clear,0,0
2022-11-13,2.8,0.4,0.0,rain,1,0
2022-11-12,10.85,27.4,0.0,rain,1,0
2022-11-11,11.6,39.4,0.0,rain,1,0
2022-11-10,12.45,0.0,0.0,clear,0,0
2022-11-09,2.54,0.0,0.0,clear,0,0
2022-11-08,3.15,0.0,0.0,clear,0,0
2022-11-07,10.75,0.0,0.0,clear,0,0
2022-11-06,18.14,8.4,0.0,rain,1,0
2022-11-05,18.35,0.0,0.0,clear,0,0
2022-11-04,13.4,0.0,0.0,clear,0,0
2022-11-03,9.6,0.0,0.0,clear,0,0
2022-11-02,8.65,0.0,0.0,clear,0,0
2022-11-01,11.25,2.8,0.0,rain,1,0
2022-10-31,9.44,0.0,0.0,clear,0,0
2022-10-30,10.35,0.0,0.0,clear,0,0
2022-10-29,6.6,0.0,0.0,clear,0,0
2022-10-28,3.95,0.0,0.0,clear,0,0
2022-10-27,8.4,0.0,0.0,clear,0,0
2022-10-26,19.54,3.2,0.0,rain,1,0
2022-10-25,17.39,0.0,0.0,clear,0,0
2022-10-24,14.3,0.0,0.0,clear,0,0
2022-10-23,13.3,0.0,0.0,clear,0,0
2022-10-22,14.5,0.0,0.0,clear,0,0
2022-10-21,9.69,0.0,0.0,clear,0,0
2022-10-20,5.9,1.8,0.0,rain,1,0
2022-10-19,5.9,0.4,0.0,rain,1,0
2022-10-18,8.0,2.4,0.0,rain,1,0
2022-10-17,11.45,3.6,0.0,rain,1,0
2022-10-16,10.4,0.0,0.0,clear,0,0
2022-10-15,10.45,0.2,0.0,rain,1,0
2022-10-14,10.85,9.2,0.0,rain,1,0
2022-10-13,14.85,16.0,0.0,rain,1,0
2022-10-12,13.7,0.0,0.0,clear,0,0
2022-10-11,8.94,0.0,0.0,clear,0,0
2022-10-10,6.1,0.0,0.0,clear,0,0
2022-10-09,7.7,1.6,0.0,rain,1,0
2022-10-08,5.35,0.2,0.0,rain,1,0
2022-10-07,10.1,0.0,0.0,clear,0,0
2022-10-06,16.2,1.2,0.0,rain,1,0
2022-10-05,11.35,0.0,0.0,clear,0,0
2022-10-04,9.5,0.0,0.0,clear,0,0
2022-10-03,7.94,0.0,0.0,clear,0,0
2022-10-02,7.85,0.0,0.0,clear,0,0
2022-10-01,11.95,0.0,0.0,clear,0,0
2022-09-30,10.95,0.0,0.0,clear,0,0
2022-09-29,9.55,0.0,0.0,clear,0,0
2022-09-28,13.75,0.6,0.0,rain,1,0
2022-09-27,13.6,9.0,0.0,rain,1,0
2022-09-26,15.3,5.6,0.0,rain,1,0
2022-09-25,14.0,0.0,0.0,clear,0,0
2022-09-24,12.4,0.0,0.0,clear,0,0
2022-09-23,9.69,0.0,0.0,clear,0,0
2022-09-22,14.0,2.0,0.0,rain,1,0
2022-09-21,15.1,1.8,0.0,rain,1,0
2022-09-20,13.5,0.0,0.0,clear,0,0
2022-09-19,11.5,36.0,0.0,rain,1,0
2022-09-18,13.75,26.6,0.0,rain,1,0
2022-09-17,12.8,0.0,0.0,clear,0,0
2022-09-16,13.4,0.0,0.0,clear,0,0
2022-09-15,12.8,0.0,0.0,clear,0,0
2022-09-14,16.7,2.4,0.0,rain,1,0
2022-09-13,19.6,24.8,0.0,rain,1,0
2022-09-12,22.6,0.6,0.0,rain,1,0
2022-09-11,22.25,1.4,0.0,rain,1,0
2022-09-10,22.35,0.0,0.0,clear,0,0
2022-09-09,21.15,0.0,0.0,clear,0,0
2022-09-08,20.85,0.0,0.0,clear,0,0
2022-09-07,19.14,0.0,0.0,clear,0,0
2022-09-06,16.7,0.0,0.0,clear,0,0
2022-09-05,15.55,0.0,0.0,clear,0,0
2022-09-04,15.85,0.8,0.0,rain,1,0
2022-09-03,21.95,1.8,0.0,rain,1,0
2022-09-02,17.5,0.0,0.0,clear,0,0
2022-09-01,15.1,0.4,0.0,rain,1,0
2022-08-31,19.1,0.4,0.0,rain,1,0
2022-08-30,24.2,11.6,0.0,rain,1,0
2022-08-29,25.6,6.0,0.0,rain,1,0
2022-08-28,19.89,0.0,0.0,clear,0,0
2022-08-27,18.8,0.4,0.0,rain,1,0
2022-08-26,18.6,0.0,0.0,clear,0,0
2022-08-25,20.85,0.0,0.0,clear,0,0
2022-08-24,23.1,0.6,0.0,rain,1,0
2022-08-23,21.7,9.8,0.0,rain,1,0
2022-08-22,23.7,0.0,0.0,clear,0,0
2022-08-21,24.35,24.2,0.0,rain,1,0
2022-08-20,24.2,0.0,0.0,clear,0,0
2022-08-19,23.75,0.0,0.0,clear,0,0
2022-08-18,21.0,0.6,0.0,rain,1,0
2022-08-17,22.2,0.0,0.0,clear,0,0
2022-08-16,22.45,0.0,0.0,clear,0,0
2022-08-15,21.7,0.0,0.0,clear,0,0
2022-08-14,20.25,0.0,0.0,clear,0,0
2022-08-13,18.45,0.0,0.0,clear,0,0
2022-08-12,17.35,0.0,0.0,clear,0,0
2022-08-11,20.6,3.2,0.0,rain,1,0
2022-08-10,20.9,0.0,0.0,clear,0,0
2022-08-09,16.6,17.4,0.0,rain,1,0
2022-08-08,16.55,11.7,0.0,rain,1,0
2022-08-07,25.5,11.6,0.0,rain,1,0
2022-08-06,24.7,0.0,0.0,clear,0,0
2022-08-05,23.9,0.0,0.0,clear,0,0
2022-08-04,23.85,1.2,0.0,rain,1,0
2022-08-03,19.64,0.0,0.0,clear,0,0
2022-08-02,21.1,0.4,0.0,rain,1,0
2022-08-01,24.7,0.0,0.0,clear,0,0
2022-07-31,21.75,0.0,0.0,clear,0,0
2022-07-30,20.3,0.0,0.0,clear,0,0
2022-07-29,22.29,0.0,0.0,clear,0,0
2022-07-28,23.79,5.4,0.0,rain,1,0
2022-07-27,22.05,0.0,0.0,clear,0,0
2022-07-26,20.65,0.0,0.0,clear,0,0
2022-07-25,22.1,0.8,0.0,rain,1,0
2022-07-24,25.15,13.0,0.0,rain,1,0
2022-07-23,25.54,0.0,0.0,clear,0,0
2022-07-22,25.04,0.0,0.0,clear,0,0
2022-07-21,27.35,0.0,0.0,clear,0,0
2022-07-20,25.15,0.0,0.0,clear,0,0
2022-07-19,24.55,0.0,0.0,clear,0,0
2022-07-18,22.9,36.0,0.0,rain,1,0
2022-07-17,24.5,0.0,0.0,clear,0,0
2022-07-16,24.35,0.0,0.0,clear,0,0
2022-07-15,21.1,0.0,0.0,clear,0,0
2022-07-14,20.0,0.4,0.0,rain,1,0
2022-07-13,21.7,0.0,0.0,clear,0,0
2022-07-12,23.6,16.4,0.0,rain,1,0
2022-07-11,24.25,0.0,0.0,clear,0,0
2022-07-10,20.25,0.0,0.0,clear,0,0
2022-07-09,17.45,0.0,0.0,clear,0,0
2022-07-08,20.85,0.0,0.0,clear,0,0
2022-07-07,19.3,0.0,0.0,clear,0,0
2022-07-06,20.05,0.0,0.0,clear,0,0
2022-07-05,18.6,1.6,0.0,rain,1,0
2022-07-04,20.39,0.0,0.0,clear,0,0
2022-07-03,20.05,0.0,0.0,clear,0,0
2022-07-02,22.2,0.0,0.0,clear,0,0
2022-07-01,22.9,0.0,0.0,clear,0,0
2022-06-30,18.25,0.0,0.0,clear,0,0
2022-06-29,20.39,9.2,0.0,rain,1,0
2022-06-28,20.2,0.0,0.0,clear,0,0
2022-06-27,20.5,0.0,0.0,clear,0,0
2022-06-26,25.85,3.6,0.0,rain,1,0
2022-06-25,23.4,0.0,0.0,clear,0,0
2022-06-24,21.15,0.0,0.0,clear,0,0
2022-06-23,16.85,30.6,0.0,rain,1,0
2022-06-22,19.6,38.0,0.0,rain,1,0
2022-06-21,17.1,8.0,0.0,rain,1,0
2022-06-20,17.95,0.0,0.0,clear,0,0
2022-06-19,15.8,0.0,0.0,clear,0,0
2022-06-18,12.55,3.6,0.0,rain,1,0
2022-06-17,18.7,7.6,0.0,rain,1,0
2022-06-16,23.1,39.6,0.0,rain,1,0
2022-06-15,19.5,0.0,0.0,clear,0,0
2022-06-14,20.39,0.0,0.0,clear,0,0
2022-06-13,19.14,0.0,0.0,clear,0,0
2022-06-12,19.95,0.0,0.0,clear,0,0
2022-06-11,19.1,0.0,0.0,clear,0,0
2022-06-10,17.6,0.4,0.0,rain,1,0
2022-06-09,15.45,13.4,0.0,rain,1,0
2022-06-08,20.2,3.0,0.0,rain,1,0
2022-06-07,21.25,13.4,0.0,rain,1,0
2022-06-06,18.2,0.0,0.0,clear,0,0
2022-06-05,15.4,0.0,0.0,clear,0,0
2022-06-04,17.25,0.0,0.0,clear,0,0
2022-06-03,20.05,0.8,0.0,rain,1,0
2022-06-02,16.6,0.0,0.0,clear,0,0
2022-06-01,15.35,1.8,0.0,rain,1,0
2022-05-31,16.2,0.0,0.0,clear,0,0
2022-05-30,21.5,0.0,0.0,clear,0,0
2022-05-29,19.35,0.0,0.0,clear,0,0
2022-05-28,18.1,1.0,0.0,rain,1,0
2022-05-27,19.1,31.2,0.0,rain,1,0
2022-05-26,19.14,0.6,0.0,rain,1,0
2022-05-25,15.25,0.0,0.0,clear,0,0
2022-05-24,12.2,0.0,0.0,clear,0,0
2022-05-23,11.3,0.0,0.0,clear,0,0
2022-05-22,18.25,0.0,0.0,clear,0,0
2022-05-21,25.2,0.0,0.0,clear,0,0
2022-05-20,17.04,0.0,0.0,clear,0,0
2022-05-19,10.19,6.4,0.0,rain,1,0
2022-05-18,11.8,0.0,0.0,clear,0,0
2022-05-17,13.55,0.4,0.0,rain,1,0
2022-05-16,18.7,10.4,0.0,rain,1,0
2022-05-15,20.54,0.4,0.0,rain,1,0
2022-05-14,23.65,0.0,0.0,clear,0,0
2022-05-13,22.5,0.0,0.0,clear,0,0
2022-05-12,21.65,0.0,0.0,clear,0,0
2022-05-11,19.14,0.0,0.0,clear,0,0
2022-05-10,18.14,0.0,0.0,clear,0,0
2022-05-09,14.45,0.0,0.0,clear,0,0
2022-05-08,11.25,0.0,0.0,clear,0,0
2022-05-07,8.55,0.0,0.0,clear,0,0
2022-05-06,10.55,0.0,0.0,clear,0,0
2022-05-05,11.1,0.0,0.0,clear,0,0
2022-05-04,12.55,5.0,0.0,rain,1,0
2022-05-03,14.39,2.6,0.0,rain,1,0
2022-05-02,11.75,0.0,0.0,clear,0,0
2022-05-01,11.4,0.0,0.0,clear,0,0
2022-04-30,9.5,0.0,0.0,clear,0,0
2022-04-29,7.35,0.0,0.0,clear,0,0
2022-04-28,6.2,0.0,0.0,clear,0,0
2022-04-27,5.4,12.8,0.8,snow,0,1
2022-04-26,12.1,4.2,0.0,rain,1,0
2022-04-25,12.25,0.4,0.0,rain,1,0
2022-04-24,8.4,0.0,0.0,clear,0,0
2022-04-23,4.7,0.0,0.0,clear,0,0
2022-04-22,8.1,0.0,0.0,clear,0,0
2022-04-21,6.55,3.6,0.0,rain,1,0
2022-04-20,5.1,0.0,0.0,clear,0,0
2022-04-19,2.45,33.8,19.4,snow,0,1
2022-04-18,3.75,3.8,0.0,rain,1,0
2022-04-17,3.5,0.0,0.0,clear,0,0
2022-04-16,4.85,5.2,0.0,rain,1,0
2022-04-15,9.0,8.2,0.0,rain,1,0
2022-04-14,8.85,5.8,0.0,rain,1,0
2022-04-13,9.15,8.2,0.0,rain,1,0
2022-04-12,11.85,1.8,0.0,rain,1,0
2022-04-11,5.2,0.2,0.0,rain,1,0
2022-04-10,4.8,0.0,0.0,clear,0,0
2022-04-09,4.95,0.2,0.0,rain,1,0
2022-04-08,4.14,8.0,0.0,rain,1,0
2022-04-07,4.45,42.6,0.0,rain,1,0
2022-04-06,6.85,0.0,0.0,clear,0,0
2022-04-05,5.55,0.0,0.0,clear,0,0
2022-04-04,4.59,0.0,0.0,clear,0,0
2022-04-03,2.5,0.4,0.0,rain,1,0
2022-04-02,1.85,0.0,0.0,clear,0,0
2022-04-01,3.59,0.6,0.0,rain,1,0
2022-03-31,5.3,0.8,0.0,rain,1,0
2022-03-30,-2.35,1.8,0.0,rain,1,0
2022-03-29,-4.0,0.0,0.0,clear,0,0
2022-03-28,-9.55,0.6,0.6,snow,0,1
2022-03-27,-3.5,0.0,0.0,clear,0,0
2022-03-26,4.25,0.0,0.0,clear,0,0
2022-03-25,5.4,9.8,0.0,rain,1,0
2022-03-24,4.55,24.4,0.0,rain,1,0
2022-03-23,-0.25,0.0,0.0,clear,0,0
2022-03-22,0.44,0.0,0.0,clear,0,0
2022-03-21,2.7,0.0,0.0,clear,0,0
2022-03-20,2.7,3.6,0.0,rain,1,0
2022-03-19,3.3,20.8,0.0,rain,1,0
2022-03-18,5.4,0.0,0.0,clear,0,0
2022-03-17,8.15,0.0,0.0,clear,0,0
2022-03-16,0.89,0.0,0.0,clear,0,0
2022-03-15,-0.95,0.0,0.0,clear,0,0
2022-03-14,0.1,0.8,0.2,snow,0,1
2022-03-13,-6.95,0.0,0.0,clear,0,0
2022-03-12,-3.75,2.8,2.8,snow,0,1
2022-03-11,-0.99,4.0,4.4,snow,0,1
2022-03-10,-0.54,0.0,0.0,clear,0,0
2022-03-09,-0.54,0.0,0.0,clear,0,0
2022-03-08,-3.4,0.0,0.0,clear,0,0
2022-03-07,1.45,9.0,4.8,snow,0,1
2022-03-06,4.14,6.6,0.0,rain,1,0
2022-03-05,-8.35,0.0,0.0,clear,0,0
2022-03-04,-11.6,0.0,0.0,clear,0,0
2022-03-03,-11.9,0.0,0.0,clear,0,0
2022-03-02,-8.65,1.4,1.4,snow,0,1
2022-03-01,-11.2,8.4,8.8,snow,0,1
2022-02-28,-14.65,0.0,0.0,clear,0,0
2022-02-27,-7.05,1.4,1.4,snow,0,1
2022-02-26,-11.75,0.0,0.0,clear,0,0
2022-02-25,-14.0,11.2,11.2,snow,0,1
2022-02-24,-12.8,0.0,0.0,clear,0,0
2022-02-23,-4.9,0.4,0.0,rain,1,0
2022-02-22,-5.65,15.0,1.4,snow,0,1
2022-02-21,-2.15,0.0,0.0,clear,0,0
2022-02-20,-6.7,0.0,0.0,clear,0,0
2022-02-19,-8.05,6.0,6.0,snow,0,1
2022-02-18,-10.85,14.6,14.6,snow,0,1
2022-02-17,1.09,32.0,4.4,snow,0,1
2022-02-16,-4.55,0.0,0.0,clear,0,0
2022-02-15,-12.64,0.0,0.0,clear,0,0
2022-02-14,-14.55,0.0,0.0,clear,0,0
2022-02-13,-17.5,0.0,0.0,clear,0,0
2022-02-12,-5.55,1.6,0.0,rain,1,0
2022-02-11,2.54,0.8,0.0,rain,1,0
2022-02-10,1.95,1.0,0.4,snow,0,1
2022-02-09,-3.59,0.0,0.0,clear,0,0
2022-02-08,-5.2,0.0,0.0,clear,0,0
2022-02-07,-6.55,0.0,0.0,clear,0,0
2022-02-06,-14.05,0.0,0.0,clear,0,0
2022-02-05,-15.85,0.0,0.0,clear,0,0
2022-02-04,-12.3,6.0,6.0,snow,0,1
2022-02-03,-4.84,12.2,8.6,snow,0,1
2022-02-02,1.6,2.2,0.0,rain,1,0
2022-02-01,-9.1,0.0,0.0,clear,0,0
2022-01-31,-12.89,0.0,0.0,clear,0,0
2022-01-30,-16.29,0.0,0.0,clear,0,0
2022-01-29,-17.05,0.0,0.0,clear,0,0
2022-01-28,-12.95,1.0,1.0,snow,0,1
2022-01-27,-13.14,2.4,2.4,snow,0,1
2022-01-26,-20.75,0.0,0.0,clear,0,0
2022-01-25,-14.15,0.2,0.2,snow,0,1
2022-01-24,-19.1,0.6,0.6,snow,0,1
2022-01-23,-15.3,0.2,0.2,snow,0,1
2022-01-22,-21.5,0.0,0.0,clear,0,0
2022-01-21,-22.29,0.0,0.0,clear,0,0
2022-01-20,-14.85,0.0,0.0,clear,0,0
2022-01-19,-11.5,5.6,5.6,snow,0,1
2022-01-18,-14.45,0.0,0.0,clear,0,0
2022-01-17,-10.1,16.4,16.4,snow,0,1
2022-01-16,-18.8,0.0,0.0,clear,0,0
2022-01-15,-22.54,0.0,0.0,clear,0,0
2022-01-14,-14.75,0.0,0.0,clear,0,0
2022-01-13,-8.6,1.6,2.0,snow,0,1
2022-01-12,-12.65,1.2,1.2,snow,0,1
2022-01-11,-20.1,0.0,0.0,clear,0,0
2022-01-10,-13.85,0.0,0.0,clear,0,0
2022-01-09,-4.09,4.6,2.6,snow,0,1
2022-01-08,-14.05,0.0,0.0,clear,0,0
2022-01-07,-10.5,1.4,1.6,snow,0,1
2022-01-06,-3.05,0.0,0.0,clear,0,0
2022-01-05,-2.54,0.8,0.8,snow,0,1
2022-01-04,-10.3,0.0,0.0,clear,0,0
2022-01-03,-17.0,0.0,0.0,clear,0,0
2022-01-02,-8.69,5.0,5.0,snow,0,1
2022-01-01,-0.55,2.4,0.4,snow,0,1
2021-12-31,-1.7,0.2,0.2,snow,0,1
2021-12-30,-4.15,0.4,0.6,snow,0,1
2021-12-29,-5.2,0.0,0.0,clear,0,0
2021-12-28,-5.8,2.0,2.0,snow,0,1
2021-12-27,-6.95,0.0,0.0,clear,0,0
2021-12-26,-2.15,0.6,0.6,snow,0,1
2021-12-25,-6.4,2.2,2.2,snow,0,1
2021-12-24,-10.15,0.0,0.0,clear,0,0
2021-12-23,-12.25,0.0,0.0,clear,0,0
2021-12-22,-4.75,0.0,0.0,clear,0,0
2021-12-21,-2.4,1.2,1.2,snow,0,1
2021-12-20,-7.1,0.0,0.0,clear,0,0
2021-12-19,-10.1,0.6,0.6,snow,0,1
2021-12-18,-4.0,8.2,8.2,snow,0,1
2021-12-17,4.7,0.0,0.0,clear,0,0
2021-12-16,7.6,0.4,0.0,rain,1,0
2021-12-15,-2.65,5.4,3.6,snow,0,1
2021-12-14,-1.75,0.0,0.0,clear,0,0
2021-12-13,6.0,0.0,0.0,clear,0,0
2021-12-12,2.95,0.0,0.0,clear,0,0
2021-12-11,4.25,16.8,0.0,rain,1,0
2021-12-10,-5.4,0.6,0.8,snow,0,1
2021-12-09,-8.15,0.8,1.2,snow,0,1
2021-12-08,-9.0,1.0,1.0,snow,0,1
2021-12-07,-3.14,0.0,0.0,clear,0,0
2021-12-06,2.29,31.2,8.2,snow,0,1
2021-12-05,-6.1,5.6,5.6,snow,0,1
2021-12-04,-6.9,0.2,0.2,snow,0,1
2021-12-03,-3.45,0.0,0.0,clear,0,0
2021-12-02,2.34,4.6,0.2,snow,0,1
2021-12-01,-1.75,0.0,0.0,clear,0,0
2021-11-30,-3.55,0.2,0.2,snow,0,1
2021-11-29,-5.4,0.0,0.0,clear,0,0
2021-11-28,-5.55,0.0,0.0,clear,0,0
2021-11-27,-4.14,0.0,0.0,clear,0,0
2021-11-26,0.65,15.4,3.6,snow,0,1
2021-11-25,0.2,1.2,0.0,rain,1,0
2021-11-24,-3.0,0.0,0.0,clear,0,0
2021-11-23,-3.45,0.0,0.0,clear,0,0
2021-11-22,1.8,2.0,0.0,rain,1,0
2021-11-21,4.5,4.4,0.0,rain,1,0
2021-11-20,0.14,0.0,0.0,clear,0,0
2021-11-19,1.29,0.0,0.0,clear,0,0
2021-11-18,4.8,6.0,0.0,rain,1,0
2021-11-17,-1.55,2.8,0.0,rain,1,0
2021-11-16,-0.45,0.0,0.0,clear,0,0
2021-11-15,2.5,5.8,0.0,rain,1,0
2021-11-14,3.45,3.0,0.0,rain,1,0
2021-11-13,4.5,3.0,0.0,rain,1,0
2021-11-12,7.1,21.8,0.0,rain,1,0
2021-11-11,3.5,0.0,0.0,clear,0,0
2021-11-10,6.2,0.0,0.0,clear,0,0
2021-11-09,9.6,0.0,0.0,clear,0,0
2021-11-08,9.94,0.0,0.0,clear,0,0
2021-11-07,6.95,0.0,0.0,clear,0,0
2021-11-06,4.95,0.0,0.0,clear,0,0
2021-11-05,3.35,0.0,0.0,clear,0,0
2021-11-04,1.3,0.0,0.0,clear,0,0
2021-11-03,1.65,0.0,0.0,clear,0,0
2021-11-02,5.45,4.4,0.0,rain,1,0
2021-11-01,7.55,0.0,0.0,clear,0,0
2021-10-31,9.44,38.0,0.0,rain,1,0
2021-10-30,7.6,12.8,0.0,rain,1,0
2021-10-29,6.8,0.0,0.0,clear,0,0
2021-10-28,7.1,0.0,0.0,clear,0,0
2021-10-27,9.35,0.0,0.0,clear,0,0
2021-10-26,9.25,7.2,0.0,rain,1,0
2021-10-25,5.4,1.2,0.0,rain,1,0
2021-10-24,7.2,0.0,0.0,clear,0,0
2021-10-23,4.89,0.0,0.0,clear,0,0
2021-10-22,8.89,14.2,0.0,rain,1,0
2021-10-21,11.55,5.8,0.0,rain,1,0
2021-10-20,11.2,0.0,0.0,clear,0,0
2021-10-19,8.55,0.0,0.0,clear,0,0
2021-10-18,9.65,0.8,0.0,rain,1,0
2021-10-17,10.8,0.2,0.0,rain,1,0
2021-10-16,15.75,19.6,0.0,rain,1,0
2021-10-15,17.79,0.6,0.0,rain,1,0
2021-10-14,18.39,0.0,0.0,clear,0,0
2021-10-13,16.64,0.6,0.0,rain,1,0
2021-10-12,18.1,0.0,0.0,clear,0,0
2021-10-11,17.75,0.0,0.0,clear,0,0
2021-10-10,16.2,0.4,0.0,rain,1,0
2021-10-09,15.0,0.0,0.0,clear,0,0
2021-10-08,15.5,0.0,0.0,clear,0,0
2021-10-07,14.5,0.0,0.0,clear,0,0
2021-10-06,14.4,0.0,0.0,clear,0,0
2021-10-05,13.5,0.0,0.0,clear,0,0
2021-10-04,11.9,0.0,0.0,clear,0,0
2021-10-03,12.8,1.0,0.0,rain,1,0
2021-10-02,11.8,5.8,0.0,rain,1,0
2021-10-01,12.35,0.4,0.0,rain,1,0
2021-09-30,11.8,0.4,0.0,rain,1,0
2021-09-29,11.4,0.0,0.0,clear,0,0
2021-09-28,10.85,0.6,0.0,rain,1,0
2021-09-27,13.5,3.6,0.0,rain,1,0
2021-09-26,16.14,0.0,0.0,clear,0,0
2021-09-25,16.89,0.0,0.0,clear,0,0
2021-09-24,18.35,25.0,0.0,rain,1,0
2021-09-23,24.7,5.2,0.0,rain,1,0
2021-09-22,21.0,1.2,0.0,rain,1,0
2021-09-21,20.39,0.0,0.0,clear,0,0
2021-09-20,17.2,0.0,0.0,clear,0,0
2021-09-19,15.2,0.0,0.0,clear,0,0
2021-09-18,18.55,0.0,0.0,clear,0,0
2021-09-17,19.45,0.0,0.0,clear,0,0
2021-09-16,16.7,0.0,0.0,clear,0,0
2021-09-15,17.6,11.8,0.0,rain,1,0
2021-09-14,15.75,0.0,0.0,clear,0,0
2021-09-13,17.79,0.0,0.0,clear,0,0
2021-09-12,19.05,0.6,0.0,rain,1,0
2021-09-11,18.39,0.0,0.0,clear,0,0
2021-09-10,17.35,0.4,0.0,rain,1,0
2021-09-09,20.1,1.8,0.0,rain,1,0
2021-09-08,18.8,1.6,0.0,rain,1,0
2021-09-07,17.5,0.0,0.0,clear,0,0
2021-09-06,17.2,6.4,0.0,rain,1,0
2021-09-05,19.45,15.2,0.0,rain,1,0
2021-09-04,19.2,0.0,0.0,clear,0,0
2021-09-03,18.3,0.2,0.0,rain,1,0
2021-09-02,16.0,0.2,0.0,rain,1,0
2021-09-01,18.39,0.0,0.0,clear,0,0
2021-08-31,21.45,0.0,0.0,clear,0,0
2021-08-30,24.8,6.9,0.0,rain,1,0
2021-08-29,19.29,8.0,0.0,rain,1,0
2021-08-28,18.14,1.4,0.0,rain,1,0
2021-08-27,21.25,0.0,0.0,clear,0,0
2021-08-26,28.35,0.0,0.0,clear,0,0
2021-08-25,26.54,0.0,0.0,clear,0,0
2021-08-24,27.45,0.0,0.0,clear,0,0
2021-08-23,26.35,0.0,0.0,clear,0,0
2021-08-22,28.2,0.0,0.0,clear,0,0
2021-08-21,27.85,0.0,0.0,clear,0,0
2021-08-20,26.0,0.0,0.0,clear,0,0
2021-08-19,23.45,1.4,0.0,rain,1,0
2021-08-18,25.35,0.4,0.0,rain,1,0
2021-08-17,21.3,0.2,0.0,rain,1,0
2021-08-16,19.75,0.0,0.0,clear,0,0
2021-08-15,18.7,0.0,0.0,clear,0,0
2021-08-14,21.6,0.0,0.0,clear,0,0
2021-08-13,26.7,0.0,0.0,clear,0,0
2021-08-12,26.6,0.0,0.0,clear,0,0
2021-08-11,27.04,5.6,0.0,rain,1,0
2021-08-10,26.55,10.8,0.0,rain,1,0
2021-08-09,25.3,0.4,0.0,rain,1,0
2021-08-08,23.75,0.0,0.0,clear,0,0
2021-08-07,23.85,1.0,0.0,rain,1,0
2021-08-06,24.75,0.0,0.0,clear,0,0
2021-08-05,22.6,0.0,0.0,clear,0,0
2021-08-04,21.3,0.0,0.0,clear,0,0
2021-08-03,21.1,0.0,0.0,clear,0,0
2021-08-02,19.5,0.0,0.0,clear,0,0
2021-08-01,17.2,0.0,0.0,clear,0,0
2021-07-31,17.6,0.0,0.0,clear,0,0
2021-07-30,16.7,0.0,0.0,clear,0,0
2021-07-29,17.75,1.2,0.0,rain,1,0
2021-07-28,19.0,0.0,0.0,clear,0,0
2021-07-27,19.1,2.0,0.0,rain,1,0
2021-07-26,22.9,0.0,0.0,clear,0,0
2021-07-25,22.8,13.6,0.0,rain,1,0
2021-07-24,21.95,0.6,0.0,rain,1,0
2021-07-23,21.35,0.0,0.0,clear,0,0
2021-07-22,19.6,0.0,0.0,clear,0,0
2021-07-21,19.89,2.4,0.0,rain,1,0
2021-07-20,21.25,11.0,0.0,rain,1,0
2021-07-19,23.45,0.0,0.0,clear,0,0
2021-07-18,22.25,0.4,0.0,rain,1,0
2021-07-17,21.75,0.0,0.0,clear,0,0
2021-07-16,22.2,0.0,0.0,clear,0,0
2021-07-15,24.9,3.8,0.0,rain,1,0
2021-07-14,24.29,0.0,0.0,clear,0,0
2021-07-13,23.3,6.2,0.0,rain,1,0
2021-07-12,23.4,0.0,0.0,clear,0,0
2021-07-11,20.95,0.0,0.0,clear,0,0
2021-07-10,19.7,0.0,0.0,clear,0,0
2021-07-09,18.45,0.0,0.0,clear,0,0
2021-07-08,16.85,18.2,0.0,rain,1,0
2021-07-07,17.0,0.0,0.0,clear,0,0
2021-07-06,23.6,1.0,0.0,rain,1,0
2021-07-05,20.45,0.0,0.0,clear,0,0
2021-07-04,18.55,0.0,0.0,clear,0,0
2021-07-03,16.35,0.0,0.0,clear,0,0
2021-07-02,17.79,0.0,0.0,clear,0,0
2021-07-01,20.85,0.0,0.0,clear,0,0
2021-06-30,23.15,31.0,0.0,rain,1,0
2021-06-29,25.45,0.2,0.0,rain,1,0
2021-06-28,27.29,3.4,0.0,rain,1,0
2021-06-27,27.1,0.0,0.0,clear,0,0
2021-06-26,21.45,21.8,0.0,rain,1,0
2021-06-25,22.3,0.0,0.0,clear,0,0
2021-06-24,20.8,0.0,0.0,clear,0,0
2021-06-23,15.55,0.0,0.0,clear,0,0
2021-06-22,15.75,0.0,0.0,clear,0,0
2021-06-21,24.5,4.4,0.0,rain,1,0
2021-06-20,22.2,0.0,0.0,clear,0,0
2021-06-19,21.8,2.2,0.0,rain,1,0
2021-06-18,21.2,5.8,0.0,rain,1,0
2021-06-17,18.39,0.0,0.0,clear,0,0
2021-06-16,16.05,0.0,0.0,clear,0,0
2021-06-15,18.39,0.2,0.0,rain,1,0
2021-06-14,20.55,8.6,0.0,rain,1,0
2021-06-13,21.6,3.4,0.0,rain,1,0
2021-06-12,19.25,0.0,0.0,clear,0,0
2021-06-11,19.89,0.2,0.0,rain,1,0
2021-06-10,17.89,0.0,0.0,clear,0,0
2021-06-09,23.79,0.0,0.0,clear,0,0
2021-06-08,26.5,0.0,0.0,clear,0,0
2021-06-07,27.35,0.0,0.0,clear,0,0
2021-06-06,24.45,0.0,0.0,clear,0,0
2021-06-05,22.6,14.8,0.0,rain,1,0
2021-06-04,22.2,0.0,0.0,clear,0,0
2021-06-03,17.55,5.6,0.0,rain,1,0
2021-06-02,20.0,0.0,0.0,clear,0,0
2021-06-01,19.0,2.0,0.0,rain,1,0
2021-05-31,15.65,0.0,0.0,clear,0,0
2021-05-30,13.39,2.0,0.0,rain,1,0
2021-05-29,11.39,0.0,0.0,clear,0,0
2021-05-28,8.35,0.0,0.0,clear,0,0
2021-05-27,12.2,0.0,0.0,clear,0,0
2021-05-26,24.5,1.0,0.0,rain,1,0
2021-05-25,19.64,3.2,0.0,rain,1,0
2021-05-24,13.95,0.0,0.0,clear,0,0
2021-05-23,15.8,0.0,0.0,clear,0,0
2021-05-22,23.5,0.2,0.0,rain,1,0
2021-05-21,25.4,0.0,0.0,clear,0,0
2021-05-20,23.3,0.0,0.0,clear,0,0
2021-05-19,19.1,0.0,0.0,clear,0,0
2021-05-18,19.79,0.0,0.0,clear,0,0
2021-05-17,17.7,0.0,0.0,clear,0,0
2021-05-16,15.89,0.6,0.0,rain,1,0
2021-05-15,17.25,0.0,0.0,clear,0,0
2021-05-14,17.35,0.0,0.0,clear,0,0
2021-05-13,13.25,0.0,0.0,clear,0,0
2021-05-12,11.45,0.0,0.0,clear,0,0
2021-05-11,9.69,1.4,0.0,rain,1,0
2021-05-10,11.15,0.4,0.0,rain,1,0
2021-05-09,11.05,0.0,0.0,clear,0,0
2021-05-08,11.6,0.0,0.0,clear,0,0
2021-05-07,9.65,0.0,0.0,clear,0,0
2021-05-06,9.69,0.0,0.0,clear,0,0
2021-05-05,10.6,1.4,0.0,rain,1,0
2021-05-04,11.5,0.6,0.0,rain,1,0
2021-05-03,6.95,0.2,0.0,rain,1,0
2021-05-02,10.19,0.0,0.0,clear,0,0
2021-05-01,6.0,0.6,0.0,rain,1,0
2021-04-30,7.8,29.8,0.0,rain,1,0
2021-04-29,13.65,1.2,0.0,rain,1,0
2021-04-28,12.89,5.4,0.0,rain,1,0
2021-04-27,8.44,0.0,0.0,clear,0,0
2021-04-26,4.9,0.0,0.0,clear,0,0
2021-04-25,9.14,2.4,0.0,rain,1,0
2021-04-24,13.95,0.0,0.0,clear,0,0
2021-04-23,8.15,0.0,0.0,clear,0,0
2021-04-22,0.75,0.2,0.0,rain,1,0
2021-04-21,0.9,6.4,5.0,snow,0,1
2021-04-20,7.65,1.2,0.0,rain,1,0
2021-04-19,12.5,0.0,0.0,clear,0,0
2021-04-18,8.94,0.0,0.0,clear,0,0
2021-04-17,6.45,0.0,0.0,clear,0,0
2021-04-16,6.0,9.8,0.0,rain,1,0
2021-04-15,7.3,24.8,0.0,rain,1,0
2021-04-14,12.35,0.0,0.0,clear,0,0
2021-04-13,12.05,0.0,0.0,clear,0,0
2021-04-12,12.75,0.0,0.0,clear,0,0
2021-04-11,12.4,0.0,0.0,clear,0,0
2021-04-10,15.9,0.0,0.0,clear,0,0
2021-04-09,15.85,0.0,0.0,clear,0,0
2021-04-08,13.3,0.0,0.0,clear,0,0
2021-04-07,10.25,0.0,0.0,clear,0,0
2021-04-06,8.5,0.0,0.0,clear,0,0
2021-04-05,8.4,0.0,0.0,clear,0,0
2021-04-04,6.95,0.0,0.0,clear,0,0
2021-04-03,2.25,0.0,0.0,clear,0,0
2021-04-02,-0.95,0.0,0.0,clear,0,0
2021-04-01,-0.5,2.4,0.4,snow,0,1
2021-03-31,8.25,3.8,0.0,rain,1,0
2021-03-30,7.45,0.0,0.0,clear,0,0
2021-03-29,1.1,0.4,0.0,rain,1,0
2021-03-28,6.05,8.6,0.0,rain,1,0
2021-03-27,3.0,0.0,0.0,clear,0,0
2021-03-26,6.85,22.8,0.0,rain,1,0
2021-03-25,14.0,2.4,0.0,rain,1,0
2021-03-24,8.85,2.2,0.0,rain,1,0
2021-03-23,10.0,0.0,0.0,clear,0,0
2021-03-22,7.65,0.0,0.0,clear,0,0
2021-03-21,6.95,0.0,0.0,clear,0,0
2021-03-20,3.35,0.0,0.0,clear,0,0
2021-03-19,-4.8,0.0,0.0,clear,0,0
2021-03-18,-0.2,0.2,0.0,rain,1,0
2021-03-17,0.54,0.0,0.0,clear,0,0
2021-03-16,-5.1,0.0,0.0,clear,0,0
