date,tavg,tmin,tmax,prcp,snow,wdir,wspd,wpgt,pres,tsun
2021-03-16 00:00:00,7.7,3.4,15,0,,13,8.6,,1012.5,
2021-03-17 00:00:00,6.8,1,14.1,0,,354,6.4,,1016.1,
2021-03-18 00:00:00,6.6,1.2,14,0.1,,23,7.1,,1014.6,
2021-03-19 00:00:00,6.4,0.1,13,0.5,,52,8,,1012.6,
2021-03-20 00:00:00,8.1,3.7,14,0.3,,11,12,,1011.8,
2021-03-21 00:00:00,8,2.6,14,0,,9,20.9,,1007.2,
2021-03-22 00:00:00,8.1,2.3,14,0,,14,19.6,,1008.1,
2021-03-23 00:00:00,7.8,3.5,13,0,,8,17.9,,1018.5,
2021-03-24 00:00:00,8.7,1.2,17,0,,359,11.1,,1022.3,
2021-03-25 00:00:00,9.8,2.5,17,0,,293,8.3,,1022.5,
2021-03-26 00:00:00,11.1,4.5,18,0,,149,7.4,,1025.3,
2021-03-27 00:00:00,12.4,8.6,18,0,,139,8.9,,1027.3,
2021-03-28 00:00:00,12.3,6.1,19,0,,330,6.6,,1030.8,
2021-03-29 00:00:00,13,5,21,0,,337,6.6,,1032,
2021-03-30 00:00:00,14.5,7,24,0,,0,7.9,,1029.2,
2021-03-31 00:00:00,15,8.3,24,0,,340,7.6,,1024.6,
2021-04-01 00:00:00,14.8,9.6,22,0,,197,7.2,,1020.2,
2021-04-02 00:00:00,14.9,9.9,21,0,,175,6.1,,1016.7,
2021-04-03 00:00:00,13.6,9,20,2.1,,138,6.6,,1011.3,
2021-04-04 00:00:00,14.2,8.5,20,3.7,,19,13.4,,1012.2,
2021-04-05 00:00:00,11.3,7,17,0,,330,9.4,,1013.8,
2021-04-06 00:00:00,12.3,7.2,18,2.3,,182,15.5,,1003.9,
2021-04-07 00:00:00,8.7,4.5,13,0.3,,5,16.8,,1010.3,
2021-04-08 00:00:00,8.1,0.5,15,0,,349,10.8,,1025.8,
2021-04-09 00:00:00,8.9,1.3,17,0,,134,9,,1028.2,
2021-04-10 00:00:00,11.3,6.5,15,1.1,,148,9.2,,1024.2,
2021-04-11 00:00:00,12.8,9.7,16,0.7,,150,11.4,,1020.4,
2021-04-12 00:00:00,12.5,10.2,16,20.4,,165,13,,1018.3,
2021-04-13 00:00:00,11.2,6.7,16,2.7,,309,12.1,,1016.3,
2021-04-14 00:00:00,10,4.5,17,0.3,,15,11.6,,1019.8,
2021-04-15 00:00:00,10.3,6,16,0.6,,34,7.8,,1019,
2021-04-16 00:00:00,10.2,4.7,17,0.2,,4,8.4,,1015.5,
2021-04-17 00:00:00,10.8,5.1,17,0,,336,9.8,,1012,
2021-04-18 00:00:00,9.3,5.4,16,5.9,,37,11,,1013.7,
2021-04-19 00:00:00,8.8,4.8,14,1.2,,21,6.5,,1014.6,
2021-04-20 00:00:00,9.9,4.6,17,0.8,,341,6.6,,1016.6,
2021-04-21 00:00:00,11.5,4.5,18,0.4,,310,6.6,,1018.6,
2021-04-22 00:00:00,13.2,9.6,18,4.6,,95,7.2,,1017.3,
2021-04-23 00:00:00,14.4,7.5,23,0.1,,357,7.9,,1018,
2021-04-24 00:00:00,14.9,7.6,23,0,,3,11.1,,1018.7,
2021-04-25 00:00:00,14.3,7.3,22,0,,253,8.2,,1017.7,
2021-04-26 00:00:00,14.6,8.1,22,0.9,,68,7.6,,1013.3,
2021-04-27 00:00:00,15.9,13,20,4.8,,156,9.1,,1006.1,
2021-04-28 00:00:00,15.9,12.8,20,18.2,,186,8.7,,1008.3,
2021-04-29 00:00:00,15.6,11.9,19,4.3,,156,6,,1011.9,
2021-04-30 00:00:00,17.7,11.3,25,0,,357,8,,1011.1,
2021-05-01 00:00:00,17.1,13.9,21,2.9,,139,11.3,,1009.6,
2021-05-02 00:00:00,15.7,12.3,18,1.2,,211,12.9,,1015.3,
2021-05-03 00:00:00,14.7,10.8,20,0,,189,9,,1019.9,
2021-05-04 00:00:00,13.1,8,20,1.5,,146,4.8,,1018.5,
2021-05-05 00:00:00,15.1,10.8,20,0.2,,205,9.3,,1013.9,
2021-05-06 00:00:00,16.9,12.6,21,0,,172,14.6,,1015.2,
2021-05-07 00:00:00,17.1,13,21,0,,182,11.5,,1014.8,
2021-05-08 00:00:00,18.2,12,25,0,,259,8.6,,1016.6,
2021-05-09 00:00:00,19,13.7,25,0,,160,7.5,,1018.3,
2021-05-10 00:00:00,19.8,13.1,26,0,,155,9.5,,1016.9,
2021-05-11 00:00:00,17.9,13.6,25,12.5,,165,8.6,,1013.3,
2021-05-12 00:00:00,16.8,13.2,21,3.2,,199,10.1,,1011.5,
2021-05-13 00:00:00,16.6,13.5,21,5.7,,226,13.1,,1009.5,
2021-05-14 00:00:00,14.2,9.4,20,7.3,,140,8.8,,1011,
2021-05-15 00:00:00,15,9.1,20,0.3,,307,10.1,,1012,
2021-05-16 00:00:00,16.9,12.3,20,0,,157,9.2,,1011.9,
2021-05-17 00:00:00,18.1,13.1,22,0,,192,11.3,,1009.9,
2021-05-18 00:00:00,16.1,10.2,23,0,,95,8.9,,1015.1,
2021-05-19 00:00:00,17,13.1,22,1.2,,196,13.1,,1013.4,
2021-05-20 00:00:00,16.4,9.6,24,0,,5,10.4,,1016.9,
2021-05-21 00:00:00,16.8,9.6,24,0,,201,9.6,,1020.2,
2021-05-22 00:00:00,18.7,13.5,23,0,,167,16.4,,1016.2,
2021-05-23 00:00:00,20.1,16,24,0,,183,13.5,,1016.4,
2021-05-24 00:00:00,21.1,15.9,30,0.1,,143,12.2,,1015.4,
2021-05-25 00:00:00,19.2,13.5,24,0,,231,7.6,,1018.7,
2021-05-26 00:00:00,18.5,11.9,25,0,,312,8.7,,1017.9,
2021-05-27 00:00:00,17.8,12.2,25,0,,258,8.1,,1016.3,
2021-05-28 00:00:00,19.4,12.3,28,0,,275,7.7,,1016.8,
2021-05-29 00:00:00,20.2,14.1,28,0,,246,7.6,,1016,
2021-05-30 00:00:00,19.6,16,26,1.6,,251,6.8,,1015.4,
2021-05-31 00:00:00,19.1,13.1,25,0.1,,341,10.6,,1016.5,
2021-06-01 00:00:00,19.2,12.2,26,0,,282,8.4,,1016.4,
2021-06-02 00:00:00,19.6,12.7,26,0,,315,7.6,,1018.9,
2021-06-03 00:00:00,21.4,14.4,29,0,,316,8.8,,1022.3,
2021-06-04 00:00:00,22.3,14.6,30,0,,316,8.8,,1023.3,
2021-06-05 00:00:00,21.2,17.7,25,2.2,,197,4,,1021.8,
2021-06-06 00:00:00,20.7,16,27,10.3,,154,7.9,,1017.6,
2021-06-07 00:00:00,21.2,17.4,27,41,,267,10.1,,1015.6,
2021-06-08 00:00:00,19.5,16.5,26,10.3,,337,5.8,,1015.8,
2021-06-09 00:00:00,20.1,15.3,29,1.3,,8,8.4,,1015.1,
2021-06-10 00:00:00,22.2,15.6,32,0.1,,10,7.4,,1014.8,
2021-06-11 00:00:00,22.2,15.8,30,0.3,,37,8.8,,1014.7,
2021-06-12 00:00:00,23,16.3,30,0,,317,8.4,,1016.4,
2021-06-13 00:00:00,24.1,16.8,32,0,,299,8.3,,1017.3,
2021-06-14 00:00:00,24,18.4,30,0.5,,204,7,,1015.9,
2021-06-15 00:00:00,23.3,17.7,28,0,,263,8.6,,1016.9,
2021-06-16 00:00:00,22.7,17,29,0,,272,6.5,,1016.1,
2021-06-17 00:00:00,24,17.5,31,0,,232,8.1,,1017,
2021-06-18 00:00:00,23.7,18.2,28.9,0,,296,6.7,,1018.3,
2021-06-19 00:00:00,24.3,17.3,31,0,,295,7.7,,1017,
2021-06-20 00:00:00,24.6,18.3,30,0,,212,8.1,,1013.7,
2021-06-21 00:00:00,26.7,20.3,33,0,,231,10.1,,1010.9,
2021-06-22 00:00:00,27,20,34,0,,216,7.8,,1011.3,
2021-06-23 00:00:00,26.5,21.1,34,0,,235,10,,1013.8,
2021-06-24 00:00:00,25.8,20.4,31,0,,226,7.8,,1016.9,
2021-06-25 00:00:00,25.4,20,32,0,,225,8.1,,1016.1,
2021-06-26 00:00:00,24.9,17.6,33,0,,354,7.5,,1014.7,
2021-06-27 00:00:00,26.4,18,33,0,,274,6.8,,1013.9,
2021-06-28 00:00:00,27.6,19.2,36,0,,192,10,,1013.5,
2021-06-29 00:00:00,26.8,20.4,33,0,,190,10.1,,1013.3,
2021-06-30 00:00:00,25.7,20.4,31,0,,215,10,,1013,
2021-07-01 00:00:00,25.1,19.2,32,0,,234,8.6,,1013.4,
2021-07-02 00:00:00,25.4,18.4,32,0,,255,9.1,,1013.6,
2021-07-03 00:00:00,26,19.7,33,0,,241,8.1,,1014.3,
2021-07-04 00:00:00,25.9,20.6,31,0,,183,9.9,,1011.7,
2021-07-05 00:00:00,26.7,20.8,32,0,,295,11.4,,1010.9,
2021-07-06 00:00:00,27.5,20.9,34,0,,249,7.7,,1012.6,
2021-07-07 00:00:00,27.8,20.4,34,0,,208,6.9,,1014.1,
2021-07-08 00:00:00,27.3,22.1,34.6,0,,198,8.6,,1016.7,
2021-07-09 00:00:00,26.6,20.8,33,0,,248,8.5,,1016.2,
2021-07-10 00:00:00,26.1,20,33,0,,259,9.2,,1014,
2021-07-11 00:00:00,26.2,20.1,33,0,,240,8.4,,1013.1,
2021-07-12 00:00:00,26.4,18.8,33,0,,171,8.4,,1013.4,
2021-07-13 00:00:00,26.8,23,33,0.1,,184,14.2,,1009.8,
2021-07-14 00:00:00,23.5,19.3,27,0,,192,12.9,,1013.2,
2021-07-15 00:00:00,23.2,18.6,28,0,,167,11.6,,1014.5,
2021-07-16 00:00:00,23.3,19.2,27,4.4,,171,10.8,,1011.8,
2021-07-17 00:00:00,21.9,17.2,27,2.5,,357,12.4,,1008.9,
2021-07-18 00:00:00,24.2,18.5,30,0.6,,4,14.5,,1006.3,
2021-07-19 00:00:00,25.8,18.5,33,0,,10,13.2,,1008,
2021-07-20 00:00:00,25.8,19.1,33,0,,322,9.9,,1012.6,
2021-07-21 00:00:00,27.3,20.1,35,0,,296,10,,1016.2,
2021-07-22 00:00:00,28.2,21.1,35,0,,295,9,,1015.7,
2021-07-23 00:00:00,27.8,20.8,34,0,,250,9.6,,1014.2,
2021-07-24 00:00:00,26.9,20.6,33.1,0,,203,8.3,,1013.8,
2021-07-25 00:00:00,27.7,22.2,33,0,,161,14.3,,1012,
2021-07-26 00:00:00,29.5,26.2,35,0,,152,11.6,,1013.9,
2021-07-27 00:00:00,28.5,22,36.9,0,,178,10.1,,1016.2,
2021-07-28 00:00:00,28.3,21,36,0,,182,9.9,,1015.3,
2021-07-29 00:00:00,28.6,21,36,0,,194,11.6,,1013.3,
2021-07-30 00:00:00,28.1,20.9,35,0,,265,8.5,,1012.1,
2021-07-31 00:00:00,28,21.6,35,0,,185,10.3,,1009.8,
2021-08-01 00:00:00,28.8,24.8,33,0,,198,14.7,,1009.6,
2021-08-02 00:00:00,25.4,20.4,30,0,,207,9.2,,1013.8,
2021-08-03 00:00:00,24.5,18.9,30,0.1,,238,8.6,,1015.6,
2021-08-04 00:00:00,26.5,19.9,35,0,,185,9.8,,1012.4,
2021-08-05 00:00:00,25.5,22.2,29,0.5,,234,12.2,,1010,
2021-08-06 00:00:00,25.6,20.9,32,0,,217,9.6,,1009.7,
2021-08-07 00:00:00,27.3,20.5,34,0,,160,10.6,,1010.3,
2021-08-08 00:00:00,28,23,34,0,,184,13.1,,1012.4,
2021-08-09 00:00:00,27.4,22.8,33,0,,179,8.9,,1017.2,
2021-08-10 00:00:00,28.3,21.8,36,0,,205,8.6,,1016.4,
2021-08-11 00:00:00,29.5,23.3,38,0,,249,8.4,,1014.6,
2021-08-12 00:00:00,30.3,23.1,38,0,,325,10,,1016.6,
2021-08-13 00:00:00,30.2,23.9,38,0,,257,7.9,,1018.6,
2021-08-14 00:00:00,30.7,23.8,38,0,,257,8.3,,1018,
2021-08-15 00:00:00,30.1,24,37,0,,268,8.4,,1015.4,
2021-08-16 00:00:00,27.9,22,34,0,,190,10.6,,1012.7,
2021-08-17 00:00:00,27.6,23.6,32,0,,190,12.6,,1009.9,
2021-08-18 00:00:00,26.9,23,32,2.8,,214,8.8,,1011.1,
2021-08-19 00:00:00,26.3,22,32,0.8,,267,7.8,,1012.3,
2021-08-20 00:00:00,26.3,21.2,33,0.6,,3,7.7,,1014,
2021-08-21 00:00:00,26.1,20.2,33,0,,323,9.3,,1016.6,
2021-08-22 00:00:00,26.8,20.6,35,0,,272,7.9,,1017,
2021-08-23 00:00:00,25.8,20.6,31,0.2,,189,8.9,,1014.6,
2021-08-24 00:00:00,23.6,20,32,7.9,,79,8.5,,1012.1,
2021-08-25 00:00:00,23.9,19,31,0.9,,308,8.1,,1011.6,
2021-08-26 00:00:00,24.6,20,30,2.8,,281,9.3,,1010.4,
2021-08-27 00:00:00,24.2,20,30,0.4,,174,12.4,,1009.2,
2021-08-28 00:00:00,23.1,19.5,27,1.7,,70,11.6,,1008.1,
2021-08-29 00:00:00,21.9,15.7,29,0,,1,13.1,,1009.7,
2021-08-30 00:00:00,21.6,15,29,0,,305,8.2,,1013.2,
2021-08-31 00:00:00,22,15.5,30,0.1,,266,7,,1015.6,
2021-09-01 00:00:00,23.5,17.1,31,0,,342,8.2,,1017.8,
2021-09-02 00:00:00,23.4,17.8,31,0,,296,8.2,,1020,
2021-09-03 00:00:00,22.5,1,30,0.1,,244,6.9,,1017.8,
2021-09-04 00:00:00,24.1,19,30,6.8,,217,6.9,,1013.9,
2021-09-05 00:00:00,24.4,19,31,0.1,,42,9.3,,1014.9,
2021-09-06 00:00:00,23.8,17.5,30,0,,327,8.5,,1018,
2021-09-07 00:00:00,23.3,17.2,30,0.1,,322,7.8,,1019.6,
2021-09-08 00:00:00,23.1,17,30,0,,23,7.1,,1017.7,
2021-09-09 00:00:00,22.8,16,30,0.2,,329,6.6,,1016.4,
2021-09-10 00:00:00,22.6,16.7,28,0,,108,7.3,,1016,
2021-09-11 00:00:00,23.9,18.4,31,0.1,,55,6,,1014.4,
2021-09-12 00:00:00,22.9,16,31,0.1,,323,8,,1014.3,
2021-09-13 00:00:00,23.5,17,31,0,,204,7.7,,1015.5,
2021-09-14 00:00:00,23.2,17,32,0,,260,7,,1017.6,
2021-09-15 00:00:00,22.9,17,30,0,,230,6.4,,1019,
2021-09-16 00:00:00,24.8,20,31,0.2,,172,9.9,,1017.6,
2021-09-17 00:00:00,24.5,21.6,28,3.8,,180,12.4,,1013.5,
2021-09-18 00:00:00,23.9,19.4,30,0.5,,170,9.1,,1013,
2021-09-19 00:00:00,22.9,18.4,28,2.1,,190,9.5,,1013.2,
2021-09-20 00:00:00,21.9,16,28,0.1,,180,8.7,,1013.9,
2021-09-21 00:00:00,22.2,17.5,28,1.2,,166,7.4,,1018.9,
2021-09-22 00:00:00,21.3,15.3,29,0,,2,9.6,,1019.3,
2021-09-23 00:00:00,20.3,14,27,0,,357,9.5,,1020.3,
2021-09-24 00:00:00,21.1,15.1,29,0,,89,7,,1019.7,
2021-09-25 00:00:00,21.5,15,30,0,,66,6,,1020.3,
2021-09-26 00:00:00,22.5,17.9,29,0.1,,96,7.6,,1020.4,
2021-09-27 00:00:00,23.2,20.6,28,5.2,,165,7.3,,1017.1,
2021-09-28 00:00:00,22.8,17,30,0.5,,11,5.8,,1016.6,
2021-09-29 00:00:00,22.5,18.6,29,0.5,,205,5.9,,1017.1,
2021-09-30 00:00:00,21.7,15,30,0,,322,7.3,,1018.8,
2021-10-01 00:00:00,21.5,16.1,28,0,,21,7.6,,1020.2,
2021-10-02 00:00:00,19.7,15.9,26,1.3,,47,5.8,,1018.3,
2021-10-03 00:00:00,20.6,14,27,1.5,,151,11.1,,1018.1,
2021-10-04 00:00:00,22.3,18,28,2.2,,137,13.1,,1018.2,
2021-10-05 00:00:00,19.7,17,24,6.4,,182,11.6,,1017.4,
2021-10-06 00:00:00,18.1,14,22,10.9,,170,11.9,,1014.2,
2021-10-07 00:00:00,15.4,12,20,2,,7,15.7,,1007.9,
2021-10-08 00:00:00,16.6,12.3,22,0,,12,17.6,,1011.4,
2021-10-09 00:00:00,17.4,12.9,24,0.5,,16,15.3,,1015.5,
2021-10-10 00:00:00,15,11.7,19,0,,3,20.7,,1014.9,
2021-10-11 00:00:00,12.8,10.2,18,1,,355,17.5,,1015.8,
2021-10-12 00:00:00,13.8,8.9,21,0,,5,8,,1014.3,
2021-10-13 00:00:00,14.7,9.7,23,0,,21,11.1,,1013.3,
2021-10-14 00:00:00,13.8,9.6,19,0,,18,24.6,,1017.9,
2021-10-15 00:00:00,13.7,8.6,20,0,,2,22,,1014.9,
2021-10-16 00:00:00,13.4,5,21,0,,355,7.9,,1015.2,
2021-10-17 00:00:00,14.7,9,22,0,,322,6.1,,1018.5,
2021-10-18 00:00:00,15,6,23,0,,9,7.5,,1022.8,
2021-10-19 00:00:00,14.6,8,23,0,,354,7.8,,1027.5,
2021-10-20 00:00:00,14.3,9,22,0,,94,6.8,,1026.9,
2021-10-21 00:00:00,16.7,8,23,1.4,,141,12.5,,1019.3,
2021-10-22 00:00:00,18.7,15.2,24,6.5,,164,10.8,,1015.7,
2021-10-23 00:00:00,17.1,14.4,21,2.5,,37,6.3,,1019.1,
2021-10-24 00:00:00,17.8,13,25,0,,19,13.1,,1019.8,
2021-10-25 00:00:00,15.7,11,21,0,,6,7.5,,1018.6,
2021-10-26 00:00:00,15.7,14,18,3.7,,5,6.7,,1018.8,
2021-10-27 00:00:00,15.8,11,22,0,,353,6,,1020.8,
2021-10-28 00:00:00,13.9,9,21,0,,3,6.9,,1019.9,
2021-10-29 00:00:00,13.2,7,20,0,,340,5.6,,1017,
2021-10-30 00:00:00,14,9,22,1.4,,28,5.9,,1017.2,
2021-10-31 00:00:00,14.4,10,20,2.9,,41,5.4,,1015.6,
2021-11-01 00:00:00,16.7,14.3,19,17.2,,116,12.9,,1006,
2021-11-02 00:00:00,15.4,11.1,22,0,,228,8,,1006.7,
2021-11-03 00:00:00,16.5,13.4,19,28.2,,154,14.4,,1004.9,
2021-11-04 00:00:00,15.2,10.6,18,10.6,,172,10.6,,1009.6,
2021-11-05 00:00:00,11.7,8,17,4.8,,32,6.6,,1015.1,
2021-11-06 00:00:00,13.3,7,20,11.4,,34,9.5,,1016.9,
2021-11-07 00:00:00,17.3,11,26,12.4,,69,13.9,,1013.3,
2021-11-08 00:00:00,15.2,12.5,19,6.7,,77,8.7,,1012.1,
2021-11-09 00:00:00,14.7,11.7,19,7,,12,9.4,,1017.3,
2021-11-10 00:00:00,17.2,13.1,23,0.5,,60,11.9,,1020.9,
2021-11-11 00:00:00,15.8,14,19,23.6,,32,7.9,,1020.1,
2021-11-12 00:00:00,14.8,11.1,20,18,,62,6.5,,1017.6,
2021-11-13 00:00:00,13,9,21,0.3,,49,5,,1017.6,
2021-11-14 00:00:00,12.6,8,18,1.8,,83,10.6,,1013.8,
2021-11-15 00:00:00,14.9,11.4,22,3.2,,57,7.9,,1014,
2021-11-16 00:00:00,12.6,10.5,15,3.8,,29,7.9,,1014,
2021-11-17 00:00:00,11.9,8.6,16,0.2,,22,8.2,,1015.4,
2021-11-18 00:00:00,12.9,8.4,20,0,,8,8,,1021.4,
2021-11-19 00:00:00,12.3,7,21,0,,0,6.5,,1026,
2021-11-20 00:00:00,11.5,6,20,0,,20,6.1,,1023.3,
2021-11-21 00:00:00,10.9,5,18,0,,46,5,,1014.7,
2021-11-22 00:00:00,13,10.8,17,8.5,,60,9.5,,1009.7,
2021-11-23 00:00:00,12.6,9.7,17,5.3,,16,11.1,,1014.8,
2021-11-24 00:00:00,12,8,18,0,,29,10,,1016.9,
2021-11-25 00:00:00,12.8,10.5,15,23.9,,117,12.5,,1008.7,
2021-11-26 00:00:00,10.4,8.2,14,13.6,,161,7.7,,999.6,
2021-11-27 00:00:00,12.4,9.7,15,13.8,,200,12.7,,999.1,
2021-11-28 00:00:00,10.8,7.9,13,31.1,,199,10.8,,997.1,
2021-11-29 00:00:00,6.5,4.2,9,13.4,,82,15.6,,999.1,
2021-11-30 00:00:00,5.7,2,13,0,,37,8.3,,1018.3,
2021-12-01 00:00:00,9.2,3.6,13,11.2,,142,10.3,,1015.9,
2021-12-02 00:00:00,11.4,9,14,30.8,,173,12.6,,1002.3,
2021-12-03 00:00:00,9.4,6,14,0,,26,12.1,,1005.2,
2021-12-04 00:00:00,8.2,2,12.8,2.9,,82,10,,1012.2,
2021-12-05 00:00:00,12,5.6,15,3.9,,196,13.7,,1003.8,
2021-12-06 00:00:00,6.4,4.1,10,0.4,,8,12.7,,1004.1,
2021-12-07 00:00:00,5.7,2.2,12,0,,10,12.5,,1012.4,
2021-12-08 00:00:00,7.9,1,12.7,23.3,,126,15.7,,1007.1,
2021-12-09 00:00:00,8.5,4.7,13,4.1,,194,9.6,,1002.8,
2021-12-10 00:00:00,5,1,9,7.6,,87,13,,1002,
2021-12-11 00:00:00,7.4,4.4,11,1,,6,22.3,,999.5,
2021-12-12 00:00:00,7.5,3.2,12,0,,6,21.8,,1018.5,
2021-12-13 00:00:00,5.8,-1,14,0,,21,6.5,,1024.5,
2021-12-14 00:00:00,7.7,0,17,0,,23,8.8,,1023.3,
2021-12-15 00:00:00,7.3,1,15,0,,16,8,,1025.3,
2021-12-16 00:00:00,7,0,15,0,,22,7.4,,1027,
2021-12-17 00:00:00,7.1,2,16,0,,7,9.1,,1028.4,
2021-12-18 00:00:00,6,-2,15,0,,14,11.6,,1027.9,
2021-12-19 00:00:00,5.3,-1,15,0,,36,5.5,,1024.9,
2021-12-20 00:00:00,5.2,-2,12,0,,30,4.5,,1019.2,
2021-12-21 00:00:00,5.6,1,13,0,,44,6.5,,1021.8,
2021-12-22 00:00:00,8.2,4.9,13,4,,60,6.8,,1022.8,
2021-12-23 00:00:00,7.1,1,13.2,0.1,,95,7.4,,1023.6,
2021-12-24 00:00:00,10.8,8,13,1.3,,146,9.6,,1019.1,
2021-12-25 00:00:00,13.5,12.3,15,17.5,,165,18.8,,1011.3,
2021-12-26 00:00:00,12.5,10.2,15,10.1,,170,7.8,,1008.6,
2021-12-27 00:00:00,10.3,6,14,1.4,,50,5.2,,1009,
2021-12-28 00:00:00,11.6,8.8,15,5.8,,63,6.2,,1008.9,
2021-12-29 00:00:00,12.3,8.9,18,0.1,,26,5,,1009.7,
2021-12-30 00:00:00,9.9,5,17,0,,39,6,,1017.7,
2021-12-31 00:00:00,10,4,19,0,,28,4.9,,1025,
2022-01-01 00:00:00,8,4,15,0,,14,5.7,,1026.4,
2022-01-02 00:00:00,7.6,4,11,0,,58,6.2,,1027.6,
2022-01-03 00:00:00,10.1,5.1,14,0.3,,92,5.5,,1022.8,
2022-01-04 00:00:00,12.5,10,16,0.6,,149,10.2,,1015.8,
2022-01-05 00:00:00,13.2,10.6,17,4.7,,170,19.3,,1005.6,
2022-01-06 00:00:00,9.6,5.9,13,0.9,,163,11.7,,1008.5,
2022-01-07 00:00:00,7.4,2,14,0.6,,3,8.8,,1014.3,
2022-01-08 00:00:00,4.8,1,11,0,,14,8.9,,1012.6,
2022-01-09 00:00:00,3.7,1,8,2.9,,28,11,,1003.8,
2022-01-10 00:00:00,6.3,3.4,11,0.2,,8,26.2,,1002.2,
2022-01-11 00:00:00,7.8,5.1,11,0,,9,28.8,,1012.9,
2022-01-12 00:00:00,7,3.1,13,1.7,,13,26.3,,1021.3,
2022-01-13 00:00:00,5.9,1.5,13,0,,17,14,,1030.1,
2022-01-14 00:00:00,4.2,-2,13,0,,19,6,,1030.4,
2022-01-15 00:00:00,6.4,-2,15,0,,21,4.8,,1024.6,
2022-01-16 00:00:00,6.2,-1,15,0,,3,4.9,,1025,
2022-01-17 00:00:00,5.7,0,14,0,,16,8.2,,1026,
2022-01-18 00:00:00,5.7,-1,15,0,,24,5.8,,1030.2,
2022-01-19 00:00:00,5.7,-1,14,0,,40,8,,1030.4,
2022-01-20 00:00:00,8.8,6.3,12,4,,164,8.4,,1021.7,
2022-01-21 00:00:00,7,3.3,12,0,,16,9.2,,1019.6,
2022-01-22 00:00:00,4.9,0.1,12,0,,7,8.2,,1025.9,
2022-01-23 00:00:00,4.7,-1,14,0,,10,6.5,,1028.9,
2022-01-24 00:00:00,5.3,-2,14,0,,21,11,,1028.6,
2022-01-25 00:00:00,4.2,-1,12,0,,45,5.9,,1031.5,
2022-01-26 00:00:00,4.7,-3,12,0,,34,4.4,,1029.2,
2022-01-27 00:00:00,6.3,0,14,0,,29,6.2,,1027.6,
2022-01-28 00:00:00,7.3,3.2,14,0,,18,8.2,,1025.7,
2022-01-29 00:00:00,6.4,1.5,14,0,,354,9.5,,1028.7,
2022-01-30 00:00:00,5.8,-2,14,0,,57,5,,1022.8,
2022-01-31 00:00:00,5.2,1.3,10,1.7,,41,8.5,,1011.1,
2022-02-01 00:00:00,8.4,3.8,14,0,,2,24,,1008.7,
2022-02-02 00:00:00,6.5,-3,17,0,,12,8.7,,1013.2,
2022-02-03 00:00:00,7.5,0,16,0,,73,9,,1022.2,
2022-02-04 00:00:00,10.6,6.5,14,0.6,,133,11.7,,1019.2,
2022-02-05 00:00:00,11,7.9,16,1.9,,35,6.3,,1018.2,
2022-02-06 00:00:00,8.7,3,17,0.1,,347,7.8,,1022,
2022-02-07 00:00:00,11,5.2,17,0.7,,86,16.5,,1015.7,
2022-02-08 00:00:00,6.9,-1,15,0,,9,9.4,,1029.7,
2022-02-09 00:00:00,7.9,-1,18,0,,19,6.4,,1032.3,
2022-02-10 00:00:00,7.9,-1,18,0,,53,5.4,,1028.9,
2022-02-11 00:00:00,7.3,2,16,0,,9,5.5,,1024.7,
2022-02-12 00:00:00,8.3,1,17,0.1,,0,7.2,,1024.3,
2022-02-13 00:00:00,9.4,3.9,16,3.4,,43,9.6,,1024.8,
2022-02-14 00:00:00,10.6,7.5,15,5.5,,155,12,,1019.9,
2022-02-15 00:00:00,11.2,8.2,14,6.9,,198,16.7,,1015,
2022-02-16 00:00:00,8.9,5,14,1.3,,18,6.6,,1016.1,
2022-02-17 00:00:00,8.3,2,16,0,,73,6.7,,1015.7,
2022-02-18 00:00:00,10.7,5.8,16,0,,91,8.3,,1017.7,
2022-02-19 00:00:00,11.8,5,16,0,,146,10,,1017.6,
2022-02-20 00:00:00,12.7,8.7,17,0.7,,192,5.7,,1018.3,
2022-02-21 00:00:00,11.5,7.9,16,4.6,,200,12.2,,1011.6,
2022-02-22 00:00:00,10.2,6,17,0,,354,20.7,,1012.9,
2022-02-23 00:00:00,10.3,3,20,0,,22,7.7,,1022.9,
2022-02-24 00:00:00,9.2,2,18,0,,59,7.8,,1023.8,
2022-02-25 00:00:00,9,3,16,0.7,,135,7.1,,1018.9,
2022-02-26 00:00:00,7.2,4.7,10,8.4,,7,22.6,,1015.1,
2022-02-27 00:00:00,7.3,4.7,12,0,,4,26.9,,1018,
2022-02-28 00:00:00,7.8,3.2,15,0,,11,15.4,,1022.2,
2022-03-01 00:00:00,5.7,1.8,11,0,,6,23.1,,1024.5,
2022-03-02 00:00:00,5.7,-1,13,0,,347,8.7,,1022.7,
2022-03-03 00:00:00,6,0,14,0,,353,6.7,,1017.7,
2022-03-04 00:00:00,6.2,0,14,0.5,,1,6.8,,1012.4,
2022-03-05 00:00:00,6.7,1.4,13,0,,14,18.6,,1010.2,
2022-03-06 00:00:00,6.1,1.3,13,0.2,,3,13.3,,1012.5,
2022-03-07 00:00:00,5.5,0.2,12,0,,15,11,,1014.6,
2022-03-08 00:00:00,4.8,0.6,10,0,,11,18.3,,1017.7,
2022-03-09 00:00:00,6.4,0,14,0,,5,13.2,,1021.8,
2022-03-10 00:00:00,7.9,0.7,17,0,,358,8.3,,1023.7,
2022-03-11 00:00:00,7.6,2,15,0,,31,8.1,,1024.4,
2022-03-12 00:00:00,8.7,5.1,14,0,,74,7.5,,1024.7,
2022-03-13 00:00:00,7.9,2,16,0,,91,9,,1025,
2022-03-14 00:00:00,9.7,3,18,0,,44,7,,1030.6,
2022-03-15 00:00:00,10,3.8,17,0,,116,9.4,,1033.9,
2022-03-16 00:00:00,10.7,5,18,0,,73,6.5,,1026.8,
2022-03-17 00:00:00,12.5,6.6,20,0,,3,6.8,,1022.1,
2022-03-18 00:00:00,12.7,8.3,18,0,,23,8.4,,1025.1,
2022-03-19 00:00:00,12.6,9.8,17,1.1,,1,6.6,,1027.9,
2022-03-20 00:00:00,9.8,4,16,1.7,,15,8.4,,1031.4,
2022-03-21 00:00:00,8.8,2.7,16,1.7,,322,8.2,,1032.3,
2022-03-22 00:00:00,8.6,1.5,17,0,,5,7.9,,1031.4,
2022-03-23 00:00:00,10.2,2.7,20,0,,349,8.7,,1028.3,
2022-03-24 00:00:00,11,4,20,0,,297,7.5,,1027.1,
2022-03-25 00:00:00,11.3,4,21,0,,328,6.9,,1026,
2022-03-26 00:00:00,11.9,4,21,0,,357,7,,1025.1,
2022-03-27 00:00:00,14.7,9.3,22,0.2,,359,7.5,,1024,
2022-03-28 00:00:00,13.2,8.5,20,0,,348,7.4,,1023.3,
2022-03-29 00:00:00,12.3,5,20,0,,77,6.7,,1016.7,
2022-03-30 00:00:00,11.8,9,14,26.4,,132,12.2,,1005,
2022-03-31 00:00:00,14.2,11.7,17,20.7,,174,16.4,,994,
2022-04-01 00:00:00,12.3,9.5,15,2.7,,213,17,,997.4,
2022-04-02 00:00:00,8.6,5.7,12,12.7,,218,17.9,,1003.5,
2022-04-03 00:00:00,7.9,3,13,2,,51,6.8,,1012.4,
2022-04-04 00:00:00,9.1,4.9,15,0.1,,356,6.6,,1016.6,
2022-04-05 00:00:00,10.2,3,19,0,,347,7.8,,1013.3,
2022-04-06 00:00:00,9.2,4,15,1.7,,12,6.6,,1010.8,
2022-04-07 00:00:00,12,6.4,17,5.5,,300,6.9,,1008.9,
2022-04-08 00:00:00,13.9,9.9,18,0,,176,12.8,,1011.7,
2022-04-09 00:00:00,13.7,10,17,0.2,,193,16.3,,1007.4,
2022-04-10 00:00:00,11.2,6.5,16,0,,352,20.1,,1014.7,
2022-04-11 00:00:00,10.1,3.4,18,0,,336,8.5,,1022.8,
2022-04-12 00:00:00,11.1,4.1,19,0,,320,7.4,,1020.8,
2022-04-13 00:00:00,13.7,7,22,0,,327,6.7,,1016.8,
2022-04-14 00:00:00,15.3,8.1,25,0,,13,6.6,,1016.8,
2022-04-15 00:00:00,16,9,24,0,,325,7.2,,1017,
2022-04-16 00:00:00,16.8,10,25,0,,5,8.9,,1012.9,
2022-04-17 00:00:00,14.1,10.1,18,0,,12,24.8,,1011,
2022-04-18 00:00:00,13,6.6,20,0,,356,18.2,,1011.7,
2022-04-19 00:00:00,12.7,6.1,19,0,,258,10.5,,1012.8,
2022-04-20 00:00:00,14.2,8.2,21,0.5,,189,7.9,,1011.3,
2022-04-21 00:00:00,15.9,12.4,20,8.1,,37,8.4,,1003.4,
2022-04-22 00:00:00,14.2,11.4,18,10.4,,199,11.8,,1000.8,
2022-04-23 00:00:00,15.3,8.6,21,0,,152,10.4,,1009.3,
2022-04-24 00:00:00,15.8,12.9,20,9.4,,190,15.7,,1009.4,
2022-04-25 00:00:00,15.2,10.7,20,1.3,,179,9.3,,1012.5,
2022-04-26 00:00:00,15,9.6,21,0,,332,7.1,,1015.8,
2022-04-27 00:00:00,15.7,8.6,23,0,,357,7.3,,1016.6,
2022-04-28 00:00:00,17.3,10.6,24,0,,352,10.5,,1017.4,
2022-04-29 00:00:00,16.8,9.9,24,0,,5,11.4,,1018.5,
2022-04-30 00:00:00,16.2,9.7,23,0,,291,8.6,,1017.8,
2022-05-01 00:00:00,13.9,9.8,21,2.3,,12,4.3,,1015.3,
2022-05-02 00:00:00,15.1,8.7,22,0.1,,14,8.8,,1012.4,
2022-05-03 00:00:00,15.8,9.4,23,0.3,,317,7,,1013.7,
2022-05-04 00:00:00,15.9,10.6,23,0,,203,5.7,,1017.8,
2022-05-05 00:00:00,14.7,10.2,19,0.6,,30,7.7,,1017.2,
2022-05-06 00:00:00,17.2,14.2,23,3.7,,31,9.3,,1011.6,
2022-05-07 00:00:00,16.7,12.3,22,15.7,,33,8.7,,1012,
2022-05-08 00:00:00,17.4,12.8,23,5.8,,34,11.2,,1014.6,
2022-05-09 00:00:00,17.4,10.9,23,3.8,,350,8.4,,1019.3,
2022-05-10 00:00:00,18.6,10.9,26,0,,345,8.1,,1020.4,
2022-05-11 00:00:00,19.2,12.7,26,0.4,,251,8.2,,1020.7,
2022-05-12 00:00:00,20,12.9,27,0,,289,7.6,,1022.2,
2022-05-13 00:00:00,20.1,13,28,0,,282,7,,1020.4,
2022-05-14 00:00:00,20.2,13.2,28,0,,301,7.4,,1018.7,
2022-05-15 00:00:00,19.5,13.6,26,0,,234,6.8,,1018.8,
2022-05-16 00:00:00,20.6,13.6,28,0,,267,6.7,,1019.6,
2022-05-17 00:00:00,21.6,14.5,29,0,,305,7.8,,1018,
2022-05-18 00:00:00,22.6,15.8,31,0,,316,7,,1018,
2022-05-19 00:00:00,21.8,15.3,29,0,,341,9.8,,1023.9,
2022-05-20 00:00:00,21.4,14.6,28,0,,295,8.4,,1026.5,
2022-05-21 00:00:00,21,14,28,0,,278,6.6,,1021.1,
2022-05-22 00:00:00,21.5,15.4,29,0,,230,7.4,,1014.5,
2022-05-23 00:00:00,21.9,15,28,0,,184,7,,1010.9,
2022-05-24 00:00:00,23.6,18.6,29,0,,169,13.4,,1008.9,
2022-05-25 00:00:00,23.4,17.2,30,0,,173,7.1,,1012.3,
2022-05-26 00:00:00,,,,,,,,,,
2022-05-27 00:00:00,27.4,21.5,34,0.9,,29,7.7,,1013.7,
2022-05-28 00:00:00,25,18.9,33,0.4,,296,7.6,,1006.6,
2022-05-29 00:00:00,22.8,18.4,27,0,,200,9.4,,1003.8,
2022-05-30 00:00:00,23.5,18,29,0,,171,11.2,,1008.9,
2022-05-31 00:00:00,23.8,19.7,30,0,,188,10.4,,1012.9,
2022-06-01 00:00:00,23.5,17,31,0,,236,6.9,,1015.4,
2022-06-02 00:00:00,25,18.1,36,0,,293,6.8,,1016.2,
2022-06-03 00:00:00,26,19.1,33,0,,329,7.5,,1016.9,
2022-06-04 00:00:00,26.7,20.2,34,0,,235,6.3,,1017.5,
2022-06-05 00:00:00,25.9,21,33,0,,145,9,,1016.8,
2022-06-06 00:00:00,27.2,19.8,35,0,,325,8.5,,1014.4,
2022-06-07 00:00:00,26,19.3,33,0,,266,8.2,,1011.7,
2022-06-08 00:00:00,24.5,19.1,31,0.4,,260,9.1,,1008.9,
2022-06-09 00:00:00,21.1,19,25,8.9,,257,9,,1005.6,
2022-06-10 00:00:00,23.3,18.6,28,0,,5,24.1,,1009.2,
2022-06-11 00:00:00,25.9,18.5,33,0,,9,15.7,,1014.7,
2022-06-12 00:00:00,26.4,18.4,34,0,,9,13.9,,1016.4,
2022-06-13 00:00:00,24.9,17,32,0,,289,9.6,,1015,
2022-06-14 00:00:00,24.9,18.7,32.2,0,,217,7.1,,1015.4,
2022-06-15 00:00:00,25.2,18.7,32,0,,219,7.8,,1017.5,
2022-06-16 00:00:00,26.1,19.4,34,0,,249,8.3,,1017,
2022-06-17 00:00:00,25.8,19.8,34,0,,265,7.9,,1017.2,
2022-06-18 00:00:00,26.9,19.9,34,0,,31,12.1,,1017.1,
2022-06-19 00:00:00,25.5,18.8,32,0,,110,8.4,,1015.8,
2022-06-20 00:00:00,25.3,18.6,32,0,,316,8.9,,1015.2,
2022-06-21 00:00:00,25.5,18.8,34,0,,163,7,,1015.1,
2022-06-22 00:00:00,26.6,19.7,34,0,,172,8.4,,1013.1,
2022-06-23 00:00:00,26.3,21,33,0,,200,7.5,,1014.1,
2022-06-24 00:00:00,26.3,21.5,32,0,,197,7.5,,1013.8,
2022-06-25 00:00:00,25.8,21,33,2.2,,222,8.4,,1014.5,
2022-06-26 00:00:00,28.6,20.7,36.5,0,,120,9.9,,1013.9,
2022-06-27 00:00:00,30.6,21.8,40,0,,130,10.7,,1014,
2022-06-28 00:00:00,29.6,24.4,39,0,,167,12.1,,1013.1,
2022-06-29 00:00:00,27.2,21.7,33,0.1,,245,9.3,,1012.1,
2022-06-30 00:00:00,27.8,21.3,34,0,,264,7.2,,1011.9,
2022-07-01 00:00:00,27.2,20.5,35,0,,286,8.6,,1013.6,
2022-07-02 00:00:00,28.4,19.9,36,0,,298,8.3,,1015.4,
2022-07-03 00:00:00,30.1,22.3,38,0,,256,8.3,,1015.1,
2022-07-04 00:00:00,30.4,23.6,38,0,,243,9.4,,1014,
2022-07-05 00:00:00,29.2,22.6,36,0,,228,8.4,,1013.8,
2022-07-06 00:00:00,29,22.4,36,0,,205,9.2,,1013.9,
2022-07-07 00:00:00,27.7,22.4,34,1.5,,207,8.9,,1013.7,
2022-07-08 00:00:00,25.4,19.6,31,3.9,,6,19.4,,1015,
2022-07-09 00:00:00,26,18.9,33,0,,4,18.9,,1017,
2022-07-10 00:00:00,24.8,18,31,0,,325,12.4,,1015.2,
2022-07-11 00:00:00,25.7,19.6,33,0,,258,8.9,,1016.6,
2022-07-12 00:00:00,26.2,20.5,33,0,,243,8.8,,1019.1,
2022-07-13 00:00:00,26.4,20.7,32,0,,215,9.3,,1020,
2022-07-14 00:00:00,26.2,19.6,33,0,,228,8.4,,1018.9,
2022-07-15 00:00:00,27.6,20.6,35,0,,255,8.9,,1014.3,
2022-07-16 00:00:00,28.1,20.9,35,0,,266,7.8,,1015.4,
2022-07-17 00:00:00,28.7,21.3,36,0,,285,8.1,,1017.3,
2022-07-18 00:00:00,29.6,23.1,37,0,,277,8.1,,1017.8,
2022-07-19 00:00:00,28.9,23.1,36,0,,238,8.3,,1017,
2022-07-20 00:00:00,28.7,22.8,35,0,,243,7.9,,1017,
2022-07-21 00:00:00,29,22.6,36,0,,233,9.4,,1016.2,
2022-07-22 00:00:00,29.9,23.6,37,0.3,,242,8.9,,1015.5,
2022-07-23 00:00:00,29.2,23.5,36,0,,236,8.4,,1016.3,
2022-07-24 00:00:00,28.7,23.7,35,0,,208,7.7,,1015.8,
2022-07-25 00:00:00,29.3,22.9,36,0,,223,8.9,,1013.4,
2022-07-26 00:00:00,28.9,23.2,35,0,,211,8.2,,1010.5,
2022-07-27 00:00:00,28.9,24.3,33,0.2,,181,10,,1009,
2022-07-28 00:00:00,28.1,23,34,0.2,,184,9.1,,1011.2,
2022-07-29 00:00:00,27.6,21.4,35,0,,219,8.1,,1013.7,
2022-07-30 00:00:00,27.7,22.2,33,1.7,,228,8.1,,1013.2,
2022-07-31 00:00:00,28.6,23.2,35.3,0,,357,10.1,,1013,
2022-08-01 00:00:00,28.5,22.1,35,0,,311,9.1,,1013.3,
2022-08-02 00:00:00,29,23,36,0,,299,9.6,,1013.2,
2022-08-03 00:00:00,29.3,22.6,37,0,,262,8.8,,1013.7,
2022-08-04 00:00:00,29.1,23.2,36,0,,232,9.3,,1014.1,
2022-08-05 00:00:00,28.8,23.1,35,0,,262,9.5,,1013.7,
2022-08-06 00:00:00,30,23.8,37,0,,265,8.6,,1011.7,
2022-08-07 00:00:00,29.6,24.4,37,0.5,,230,9.4,,1011.1,
2022-08-08 00:00:00,28.4,23,36,1.6,,12,9.4,,1012.4,
2022-08-09 00:00:00,25.5,21.8,31,3.1,,30,9.8,,1014.7,
2022-08-10 00:00:00,26.3,20.4,34,0.5,,15,9.4,,1015,
2022-08-11 00:00:00,26.7,21.1,33,1,,86,8.4,,1013.7,
2022-08-12 00:00:00,25.6,21,33,0.1,,30,8.2,,1012.1,
2022-08-13 00:00:00,23.7,19,29,20.7,,212,7.8,,1011.6,
2022-08-14 00:00:00,24.8,18.2,33,0,,351,10.4,,1009.8,
2022-08-15 00:00:00,25.8,19.8,33,0,,153,8.8,,1009,
2022-08-16 00:00:00,27.1,20.5,34,28.4,,179,9.3,,1009.9,
2022-08-17 00:00:00,28.1,21,36,0,,136,8,,1011.6,
2022-08-18 00:00:00,29.2,23.7,36,0,,146,14.9,,1009,
2022-08-19 00:00:00,24.6,20,30,13.3,,171,12.2,,1010.1,
2022-08-20 00:00:00,24.7,18.4,32,0.5,,326,9.6,,1011.5,
2022-08-21 00:00:00,26.3,20.2,33,0,,329,8.2,,1009.6,
2022-08-22 00:00:00,25.3,18.7,33,0,,60,8.4,,1007.6,
2022-08-23 00:00:00,26.2,19.5,34,0,,13,9.4,,1009.7,
2022-08-24 00:00:00,25.4,19.2,32,0,,354,10.8,,1012.5,
2022-08-25 00:00:00,25.9,19.8,32,0,,284,8.8,,1011.9,
2022-08-26 00:00:00,26.8,21.5,33,0,,188,8.2,,1009.9,
2022-08-27 00:00:00,25.9,20.7,32,11.5,,161,8.6,,1010.7,
2022-08-28 00:00:00,25.3,21,31,1.1,,17,7.7,,1013.7,
2022-08-29 00:00:00,25.1,19.5,32,0.8,,356,7.9,,1016,
2022-08-30 00:00:00,26.4,19.9,34,0,,338,8.4,,1016.2,
2022-08-31 00:00:00,25.8,21.5,31,1.1,,237,8.9,,1013.9,
2022-09-01 00:00:00,23.1,19.6,29,10.6,,22,9.2,,1011,
2022-09-02 00:00:00,23.6,17.8,31,0,,342,10.4,,1012.9,
2022-09-03 00:00:00,23.1,19.7,30,0.9,,122,7.5,,1015.2,
2022-09-04 00:00:00,23,19.6,31,2.5,,319,8.2,,1017.6,
2022-09-05 00:00:00,24.6,17.9,33,0,,23,8,,1020.3,
2022-09-06 00:00:00,25.5,19.3,34,0,,255,8.3,,1018.8,
2022-09-07 00:00:00,25.8,21,32,0.7,,197,8.8,,1016,
2022-09-08 00:00:00,25,20.2,30,19.9,,127,10.3,,1013.7,
2022-09-09 00:00:00,25.6,21,32,2.1,,163,8.1,,1013.4,
2022-09-10 00:00:00,24.5,19,31,0.1,,179,8.8,,1014.2,
2022-09-11 00:00:00,23.6,18,30,0,,8,9.8,,1013.5,
2022-09-12 00:00:00,23.1,16.4,31,0,,348,8.4,,1014.5,
2022-09-13 00:00:00,23.2,17,31,0,,348,7.2,,1014.6,
2022-09-14 00:00:00,24,17.5,31,0,,145,9.5,,1014.6,
2022-09-15 00:00:00,24.2,20,29,28.3,,156,12.4,,1011.8,
2022-09-16 00:00:00,24.9,20.4,29,29.9,,185,13.8,,1008.1,
2022-09-17 00:00:00,22.3,14.6,28,0.3,,244,19.5,,1004.6,
2022-09-18 00:00:00,17.9,10.6,26,0,,20,9.9,,1014.2,
2022-09-19 00:00:00,19.2,12,27,1.3,,107,8.7,,1013.3,
2022-09-20 00:00:00,20.5,15,27,0.5,,3,8.1,,1013.4,
2022-09-21 00:00:00,19.2,13.6,27,0,,19,9.1,,1016.2,
2022-09-22 00:00:00,17.8,13.4,24,0.7,,351,9.3,,1017.7,
2022-09-23 00:00:00,17.2,10.6,25,0,,16,10,,1018.7,
2022-09-24 00:00:00,18.7,13,25,0,,126,13.4,,1017.7,
2022-09-25 00:00:00,19.2,16.9,24,21.4,,152,14.4,,1012.2,
2022-09-26 00:00:00,18.2,15,23,5.1,,120,6.9,,1008.5,
2022-09-27 00:00:00,19.8,16.3,24,0.7,,211,14.7,,1004.2,
2022-09-28 00:00:00,19.5,15.2,24,1.9,,161,10.8,,1003.7,
2022-09-29 00:00:00,20.4,16.3,25,57.9,,193,13.5,,1003.7,
2022-09-30 00:00:00,19,13,25,55.9,,143,14,,1008.8,
2022-10-01 00:00:00,18.6,15.2,23,7.5,,229,9.9,,1017.4,
2022-10-02 00:00:00,18.2,12,26,0,,49,6,,1021.5,
2022-10-03 00:00:00,20,14,27,0,,45,7.3,,1017.3,
2022-10-04 00:00:00,19.7,14,26,0,,342,7,,1020.7,
2022-10-05 00:00:00,19.5,13,27,0,,84,6.3,,1025.5,
2022-10-06 00:00:00,19.4,14.8,28,0,,22,6.5,,1026.3,
2022-10-07 00:00:00,19.2,14.2,28,0,,344,6.8,,1023.3,
2022-10-08 00:00:00,19.3,14.2,26,0,,109,6.3,,1019.9,
2022-10-09 00:00:00,18.9,15.4,25,0,,41,6.2,,1019.1,
2022-10-10 00:00:00,18.5,14.2,25,3,,17,6.6,,1018.4,
2022-10-11 00:00:00,18.8,14.4,26,0.3,,19,6.5,,1018.9,
2022-10-12 00:00:00,18.4,13.9,25,0.4,,5,6.3,,1020,
2022-10-13 00:00:00,17.7,15.7,21,5.9,,5,7.8,,1018,
2022-10-14 00:00:00,17.4,12,25,0,,7,8.2,,1015.9,
2022-10-15 00:00:00,17,10,25,0,,11,6.3,,1016.8,
2022-10-16 00:00:00,18,12.8,25,0,,352,5.9,,1022.2,
2022-10-17 00:00:00,18.7,12.7,27,0,,16,5.3,,1027.4,
2022-10-18 00:00:00,18.5,11,28,0,,345,6.5,,1026.2,
2022-10-19 00:00:00,18.9,13,27,0,,39,5.3,,1020.4,
2022-10-20 00:00:00,18.4,12,26,0,,17,6.9,,1020.4,
2022-10-21 00:00:00,17.6,12,25,0,,98,8.5,,1021.7,
2022-10-22 00:00:00,20.5,16,25,0,,149,12.7,,1022.6,
2022-10-23 00:00:00,20.5,17,26,0,,153,9.4,,1023.7,
2022-10-24 00:00:00,18.5,12,26,0,,145,8.1,,1022.6,
2022-10-25 00:00:00,19,13,26,0,,124,6.9,,1021,
2022-10-26 00:00:00,17.8,13.7,25.1,0,,38,5.1,,1022.6,
2022-10-27 00:00:00,18.1,10,25.3,0,,9,5.2,,1025.6,
2022-10-28 00:00:00,18.5,13.2,27,0,,36,6.7,,1025.7,
2022-10-29 00:00:00,18.1,12,27,0,,3,6.2,,1024.7,
2022-10-30 00:00:00,16.7,10,27,0,,14,6.1,,1022.5,
2022-10-31 00:00:00,16.6,9,27,0,,13,5.6,,1022.4,
2022-11-01 00:00:00,16.5,9,26,0,,359,5.8,,1023.4,
2022-11-02 00:00:00,15.8,12,24,0,,33,5.5,,1023.4,
2022-11-03 00:00:00,16,11,23,0.4,,76,8.9,,1019.9,
2022-11-04 00:00:00,17.9,12.9,21,18.3,,173,15.2,,1007.6,
2022-11-05 00:00:00,13.6,9.9,19,0.6,,17,14.7,,1005.6,
2022-11-06 00:00:00,15,11.1,21,0,,2,16.8,,1013.5,
2022-11-07 00:00:00,12.5,5,21,0,,33,7.4,,1020.2,
2022-11-08 00:00:00,12.6,6,22,0,,38,5.4,,1021.7,
2022-11-09 00:00:00,12.9,8,21,0,,57,7.4,,1021,
2022-11-10 00:00:00,15,11,21,0.2,,22,5.5,,1023.3,
2022-11-11 00:00:00,14.8,8,23,0,,2,6.6,,1029.1,
2022-11-12 00:00:00,12,7,18,0,,23,7.8,,1026,
2022-11-13 00:00:00,12.2,7,19,1.8,,10,7.2,,1021.5,
2022-11-14 00:00:00,12.2,9.6,17,16.8,,29,9.4,,1020.3,
2022-11-15 00:00:00,11.9,7,17,5.9,,47,9.1,,1017.8,
2022-11-16 00:00:00,16.1,12.7,21,31.4,,159,11.1,,1005.8,
2022-11-17 00:00:00,15,10.9,20,1.9,,115,7.2,,1004.9,
2022-11-18 00:00:00,16.2,12.3,21,23.8,,207,10.5,,1002.7,
2022-11-19 00:00:00,14.3,11.8,18,17.8,,145,10.9,,1003.3,
2022-11-20 00:00:00,11.9,8.4,16,0.8,,5,14.7,,1007.6,
2022-11-21 00:00:00,10.8,5.9,17,0.3,,77,11.3,,1010.2,
2022-11-22 00:00:00,13,9.9,15.6,43.8,,230,18.2,,994.5,
2022-11-23 00:00:00,9.7,5,17,0,,0,4.7,,1004.5,
2022-11-24 00:00:00,12,8,18,0,,28,5.5,,1013.5,
2022-11-25 00:00:00,10,5.6,14,11.8,,37,6.2,,1018.7,
2022-11-26 00:00:00,12.1,9.8,16,19.4,,40,15.3,,1016.5,
2022-11-27 00:00:00,11.1,6.2,17,0,,13,16.4,,1021.7,
2022-11-28 00:00:00,8.3,4,13,0,,27,6.5,,1017.4,
2022-11-29 00:00:00,9.8,6,15,0.2,,26,7.4,,1011.9,
2022-11-30 00:00:00,9.4,5.8,15,0,,6,14.6,,1011.4,
2022-12-01 00:00:00,7.8,2,14,0,,28,8.2,,1014.6,
2022-12-02 00:00:00,8.4,5,11,7.4,,25,6.4,,1016.7,
2022-12-03 00:00:00,11.3,10,13,25.3,,64,9.2,,1013.4,
2022-12-04 00:00:00,12.3,10,16,13.6,,128,9.3,,1014.5,
2022-12-05 00:00:00,13.1,8,18,1,,149,9.6,,1019.7,
2022-12-06 00:00:00,12.7,8,19,0.5,,111,6.3,,1015.6,
2022-12-07 00:00:00,11.1,6,18,1,,79,6,,1011.6,
2022-12-08 00:00:00,12.2,7,16,0.1,,152,8.4,,1011.1,
2022-12-09 00:00:00,15.7,13.1,18,17.1,,153,19.6,,1005.6,
2022-12-10 00:00:00,14.8,11.2,17,36.1,,193,12.2,,997.9,
2022-12-11 00:00:00,10.9,7.6,14,1.3,,247,9.1,,1000.9,
2022-12-12 00:00:00,6.8,1,13,0,,35,6.2,,1007.7,
2022-12-13 00:00:00,8.2,6.9,10,11.7,,50,10.5,,1006.1,
2022-12-14 00:00:00,9.6,7.3,11,26.8,,21,10.1,,1002.3,
2022-12-15 00:00:00,10.7,6.1,16,22.3,,92,11.5,,1006.7,
2022-12-16 00:00:00,14.7,12.3,17,17.8,,166,13.4,,1007.1,
2022-12-17 00:00:00,12.6,9,17,1.1,,163,8.2,,1016.5,
2022-12-18 00:00:00,10.7,7,17,0,,15,6.2,,1028.1,
2022-12-19 00:00:00,8.3,3,15,0,,19,6.7,,1032.5,
2022-12-20 00:00:00,7.4,2,15,0,,36,4.6,,1029.2,
2022-12-21 00:00:00,7.5,3,11.3,0.3,,33,6.3,,1023.2,
2022-12-22 00:00:00,10.9,7,17,0,,101,6.2,,1018.7,
2022-12-23 00:00:00,10.5,6,16,0,,65,6,,1017.1,
2022-12-24 00:00:00,11.8,8,17,0,,42,5,,1018,
2022-12-25 00:00:00,10.6,7,17,0,,28,6.9,,1024,
2022-12-26 00:00:00,11,7.4,17,0,,68,5.8,,1027.6,
2022-12-27 00:00:00,11.2,7.9,17,0,,63,5.2,,1026.9,
2022-12-28 00:00:00,11.4,7.7,18,0,,33,5.6,,1025.9,
2022-12-29 00:00:00,11.4,7,16,1,,134,7.5,,1025,
2022-12-30 00:00:00,13.1,9,17,0.3,,149,9,,1024.1,
2022-12-31 00:00:00,13,9,19,0,,64,4.2,,1029.7,
2023-01-01 00:00:00,10.5,7,17,0,,26,6.2,,1031.6,
2023-01-02 00:00:00,10.2,7,15,0.2,,47,5.8,,1030.4,
2023-01-03 00:00:00,11.2,7.8,16,0,,43,5.7,,1029.6,
2023-01-04 00:00:00,9.9,6,16,0,,35,4.4,,1029.2,
2023-01-05 00:00:00,8.4,6.2,11,0,,45,5.6,,1025.8,
2023-01-06 00:00:00,10.7,8,14,0.1,,33,5.2,,1024.5,
2023-01-07 00:00:00,9.9,7,14,0,,36,3.9,,1023.9,
2023-01-08 00:00:00,10.6,6,16,0.7,,132,8.1,,1020,
2023-01-09 00:00:00,13.2,8.7,16,36.7,,226,16.6,,1007.9,
2023-01-10 00:00:00,8.8,4.3,14,0.6,,349,13,,1014.8,
2023-01-11 00:00:00,6.6,0,14,0,,21,8.8,,1021,
2023-01-12 00:00:00,8.2,3.3,15,0.5,,22,9.9,,1020.3,
2023-01-13 00:00:00,7.6,2,14,0,,58,8.3,,1021.2,
2023-01-14 00:00:00,8.8,1,16,0,,11,8.4,,1021.1,
2023-01-15 00:00:00,8.6,4.5,13,0.9,,141,8.8,,1017.3,
2023-01-16 00:00:00,12,10.4,14,5.7,,210,20.3,,1004.8,
2023-01-17 00:00:00,12.8,10.6,16,17.1,,202,23.2,,993.7,
2023-01-18 00:00:00,10.3,6.8,13,20.2,,189,14.4,,996.4,
2023-01-19 00:00:00,6.5,2,12,1.9,,166,12,,1003.3,
2023-01-20 00:00:00,4.2,1.7,7,5.1,,29,15.4,,1003.4,
2023-01-21 00:00:00,5.3,1.8,8,1.6,,4,25.7,,1004.4,
2023-01-22 00:00:00,3.9,0.1,10,3,,13,9.4,,1011.5,
2023-01-23 00:00:00,3.9,0.9,8,1,,43,9.6,,1015.1,
2023-01-24 00:00:00,4.9,0.9,13,0.4,,19,12,,1024.3,
2023-01-25 00:00:00,6.2,0,14,0,,18,15.9,,1018.7,
2023-01-26 00:00:00,7.9,4.5,13,0,,11,20.5,,1008.3,
2023-01-27 00:00:00,6.1,2,11,3.9,,16,16.5,,1006.9,
2023-01-28 00:00:00,5.5,2.7,9,4.6,,17,13.7,,1012.9,
2023-01-29 00:00:00,5.2,1,13,0,,12,13.1,,1020.3,
2023-01-30 00:00:00,3.6,-3,11,0,,12,8.6,,1020.7,
2023-01-31 00:00:00,6.2,-1,15,0,,350,9.7,,1021.6,
2023-02-01 00:00:00,5.8,0,14,0,,57,7.3,,1024.2,
2023-02-02 00:00:00,7.5,2,16,0,,20,9,,1023.6,
2023-02-03 00:00:00,7.1,0,16,0,,8,7.9,,1027.3,
2023-02-04 00:00:00,8.1,2,16,0,,13,12.5,,1022.2,
2023-02-05 00:00:00,6.2,1,12,0,,14,17.8,,1028.2,
2023-02-06 00:00:00,3.7,-0.4,10,0,,27,19,,1029.1,
2023-02-07 00:00:00,3.8,-2,11,0,,40,10.8,,1031.6,
2023-02-08 00:00:00,3,-3,11,0,,25,11.8,,1031,
2023-02-09 00:00:00,4,-1,11,0,,12,13.4,,1030.4,
2023-02-10 00:00:00,4.4,-2,12,0,,9,14.5,,1032.2,
2023-02-11 00:00:00,4.9,-2,14,0,,352,10.9,,1034.4,
2023-02-12 00:00:00,5.6,-3,15,0,,30,7.9,,1032.1,
2023-02-13 00:00:00,6.9,-2,16,0,,2,10.5,,1035.2,
2023-02-14 00:00:00,7.4,-1,18,0,,34,8.2,,1033.1,
2023-02-15 00:00:00,7.6,-1,18,0,,26,8.6,,1029.8,
2023-02-16 00:00:00,6.9,2,13,0,,6,7.5,,1031.3,
2023-02-17 00:00:00,8.3,2.6,15,0,,354,9.2,,1031.4,
2023-02-18 00:00:00,8.5,1,16,0,,3,6.3,,1030.7,
2023-02-19 00:00:00,10.8,8,16,0.5,,34,7,,1026.3,
2023-02-20 00:00:00,10.1,5.9,17,0,,40,7.1,,1026.3,
2023-02-21 00:00:00,10.5,5.3,15,0,,84,6.5,,1022.8,
2023-02-22 00:00:00,11.4,8,17,0,,31,6.1,,1018.2,
2023-02-23 00:00:00,10.2,6,16,0,,321,6.3,,1016.4,
2023-02-24 00:00:00,10.4,5,17,1.1,,128,10.4,,1013.5,
2023-02-25 00:00:00,12.6,8,18,0.8,,141,12.1,,1003.4,
2023-02-26 00:00:00,11.9,8.9,14,18.7,,185,11,,998.4,
2023-02-27 00:00:00,9.2,5,14,13.6,,20,9.3,,1010,
2023-02-28 00:00:00,9.5,4.7,16,7.1,,48,13.9,,1013.7,
2023-03-01 00:00:00,9.1,5.8,14,14.8,,61,12.4,,1011.1,
2023-03-02 00:00:00,9.2,4.6,15,0.9,,70,18.2,,1011.3,
2023-03-03 00:00:00,9.4,4.6,15,3.1,,61,10.7,,1013.3,
2023-03-04 00:00:00,9.5,4,18,0.1,,0,12.8,,1012.8,
2023-03-05 00:00:00,8.6,2,16,0,,345,10.1,,1012.7,
2023-03-06 00:00:00,10.7,6.6,16,2.5,,182,12.8,,1010.2,
2023-03-07 00:00:00,11,7.2,16,0.2,,166,12.9,,1008.9,
2023-03-08 00:00:00,13.6,10.4,18,2.5,,181,14.6,,1009.8,
2023-03-09 00:00:00,14.4,11.5,18,0.3,,164,15.6,,1009.9,
2023-03-10 00:00:00,13.8,9.2,17,1.5,,220,13,,1005,
2023-03-11 00:00:00,12.3,7,18,0,,91,6.4,,1003.1,
2023-03-12 00:00:00,15.1,10.4,22,0.3,,23,11.2,,1010,
2023-03-13 00:00:00,13,7.4,20,0,,151,11.3,,1019,
2023-03-14 00:00:00,12.8,9,16,7.2,,170,17.2,,1007.7,
2023-03-15 00:00:00,11.8,7.2,17,0.4,,2,19.2,,1006.9,
2023-03-16 00:00:00,9.9,4.6,18,0,,5,17.2,,1017.9,
2023-03-17 00:00:00,8.8,2.7,16,0,,359,8.8,,1020.7,
2023-03-18 00:00:00,10.4,4.7,17,0,,124,10.6,,1019.4,
2023-03-19 00:00:00,11.9,7.9,16,1,,147,6.9,,1020.2,
2023-03-20 00:00:00,11.7,9.1,14,21.3,,127,6.3,,1018.3,
2023-03-21 00:00:00,12.5,7.1,21,0,,49,7.8,,1015.5,
2023-03-22 00:00:00,12.7,7.2,20,0,,291,7.5,,1016,
2023-03-23 00:00:00,13.5,8.7,22,0,,297,7.9,,1017,
2023-03-24 00:00:00,12.8,7.7,19,0,,203,7.8,,1018.9,
2023-03-25 00:00:00,13.6,9,20,0,,177,9.5,,1016,
2023-03-26 00:00:00,13.1,7.3,19,4.2,,137,12.1,,1012.5,
2023-03-27 00:00:00,12.6,8.7,18,13.7,,274,12,,1006.9,
2023-03-28 00:00:00,10.9,6.1,16,0,,4,16.5,,1020.8,
2023-03-29 00:00:00,9.9,3,17,0,,143,10.1,,1027.2,
2023-03-30 00:00:00,12.2,6.5,19,0,,132,10.9,,1024.9,
2023-03-31 00:00:00,14.2,10.6,18,0,,155,18.2,,1015.7,
2023-04-01 00:00:00,14.9,11.3,19,0.2,,219,11,,1008.8,
2023-04-02 00:00:00,11.6,6,19,4,,339,8.5,,1007.2,
2023-04-03 00:00:00,13.7,8.5,20,0,,16,23.5,,1005.3,
2023-04-04 00:00:00,11,6.4,16,1.7,,20,18.5,,1008.8,
2023-04-05 00:00:00,9,5.6,13,2.7,,79,10.9,,1013.4,
2023-04-06 00:00:00,9.1,2.7,16,0,,333,11.6,,1016.5,
2023-04-07 00:00:00,9.8,3,17,0,,209,10.7,,1017.1,
2023-04-08 00:00:00,10.4,6.8,14,15.8,,69,13.7,,1014.7,
2023-04-09 00:00:00,10.8,3.8,19,1.9,,18,12.1,,1017.5,
2023-04-10 00:00:00,11.4,4.8,17,0.1,,7,20.5,,1019.7,
2023-04-11 00:00:00,10.7,3,18,0,,4,10.9,,1018.8,
2023-04-12 00:00:00,14,8,20,0,,180,9.4,,1011.5,
2023-04-13 00:00:00,12.8,8.3,18,2.5,,157,15.6,,1005,
2023-04-14 00:00:00,10.2,6,15,4.1,,214,10.2,,1006.5,
2023-04-15 00:00:00,10.2,7.6,14,19,,91,14.6,,1006.1,
2023-04-16 00:00:00,12.4,7.8,18,1.1,,17,18.1,,1006,
2023-04-17 00:00:00,13.9,9.2,19,1.9,,15,19.4,,1008.9,
2023-04-18 00:00:00,12.9,8.6,18,9.7,,14,8.2,,1012.2,
2023-04-19 00:00:00,13.2,7,21,0.7,,309,9,,1014.6,
2023-04-20 00:00:00,13.4,8.5,19,1,,72,7.2,,1012.6,
2023-04-21 00:00:00,15.3,8.8,22,0,,343,9.8,,1011.8,
2023-04-22 00:00:00,15.7,8.9,24,0,,314,9.8,,1013.9,
2023-04-23 00:00:00,15.8,10.1,22,0,,173,9.6,,1014.7,
2023-04-24 00:00:00,16.2,12.6,20,2.1,,206,16.2,,1010.8,
2023-04-25 00:00:00,15.9,10.8,21,0.2,,179,10.9,,1009.3,
2023-04-26 00:00:00,15.1,9,22,0,,329,12.2,,1012.7,
2023-04-27 00:00:00,15.1,8.3,22,0,,284,8.1,,1017.4,
2023-04-28 00:00:00,15.1,8,23,0,,138,8.6,,1020.2,
2023-04-29 00:00:00,15.6,9.5,22,0,,160,8.3,,1016.1,
2023-04-30 00:00:00,16.5,11.6,22,13.7,,26,6.6,,1012,
2023-05-01 00:00:00,16.5,14.2,20,18.9,,319,5.3,,1009.7,
2023-05-02 00:00:00,16.5,13.3,22,6.7,,313,6.1,,1009,
2023-05-03 00:00:00,16.9,11.5,23,4.6,,7,12.2,,1014,
2023-05-04 00:00:00,17.1,10.2,26,0,,342,11.7,,1018.2,
2023-05-05 00:00:00,17.7,10.6,25,0,,322,9.3,,1018.7,
2023-05-06 00:00:00,18.4,12,25,0,,273,7.9,,1016.5,
2023-05-07 00:00:00,18.4,12,25,0,,226,7.4,,1017.1,
2023-05-08 00:00:00,16.1,12.5,19,7.2,,231,4.8,,1017,
2023-05-09 00:00:00,19.2,13.6,26,0.9,,258,7.4,,1015.2,
2023-05-10 00:00:00,16.9,14.9,20,10.8,,169,10.2,,1011.2,
2023-05-11 00:00:00,17.2,13.3,21,1.6,,200,11.9,,1010.8,
2023-05-12 00:00:00,16.6,12.6,21,2.6,,176,13.8,,1013.8,
2023-05-13 00:00:00,13.8,10.8,16,12.6,,28,9.1,,1014.7,
2023-05-14 00:00:00,16.1,12.6,21,1.2,,304,9.2,,1010.9,
2023-05-15 00:00:00,15.8,10.5,21,1.2,,4,8.1,,1005.6,
2023-05-16 00:00:00,15.2,12.3,19,13.6,,343,13.9,,998,
2023-05-17 00:00:00,15.9,12.9,20,4.6,,357,8,,1005.7,
2023-05-18 00:00:00,16.5,12.9,20,5.6,,98,8.3,,1014,
2023-05-19 00:00:00,17.3,14.3,22,4.8,,25,9.1,,1013.6,
2023-05-20 00:00:00,17.7,15.2,22,3,,31,12.8,,1008.3,
2023-05-21 00:00:00,17.9,14.8,26,1.5,,344,11.5,,1008.8,
2023-05-22 00:00:00,18.7,12.9,26,3.2,,36,7.5,,1010.9,
2023-05-23 00:00:00,19.1,13,27,2.7,,2,7.2,,1013.2,
2023-05-24 00:00:00,19.5,13.3,27,0.9,,306,6.7,,1013.5,
2023-05-25 00:00:00,19.5,14.2,28,1.9,,20,8.1,,1014.8,
2023-05-26 00:00:00,21.4,14.2,29,0.2,,1,10.2,,1015.7,
2023-05-27 00:00:00,21.9,14.3,30,0.2,,353,10.6,,1014.4,
2023-05-28 00:00:00,21,14.5,28,0.1,,348,8.7,,1012.5,
2023-05-29 00:00:00,19.8,15.1,27,2.8,,30,8.9,,1012,
2023-05-30 00:00:00,19.3,14.5,27,7,,31,9.1,,1012.9,
2023-05-31 00:00:00,19.9,14.5,27,5.7,,34,8.7,,1013.9,
2023-06-01 00:00:00,20.1,14.1,27,4.9,,359,9.8,,1014.3,
2023-06-02 00:00:00,21,14.7,27,3.1,,336,8,,1013.1,
2023-06-03 00:00:00,21.2,15.1,26,3.3,,314,7.6,,1014.6,
2023-06-04 00:00:00,20,15.4,26,1.1,,8,7.1,,1016.2,
2023-06-05 00:00:00,20.3,17,25,10.8,,163,9.7,,1015.4,
2023-06-06 00:00:00,20.6,14.9,26,6,,275,8.3,,1015.8,
2023-06-07 00:00:00,21.1,15.1,27,0.2,,322,8.6,,1015.6,
2023-06-08 00:00:00,21.5,15.6,27,0.8,,256,8.5,,1014.1,
2023-06-09 00:00:00,21.8,15.8,28,0,,200,7.1,,1013.3,
2023-06-10 00:00:00,22.9,18.5,28,4.6,,348,8.2,,1011.6,
2023-06-11 00:00:00,22.5,16.8,29,3.7,,359,11,,1010.3,
2023-06-12 00:00:00,22.3,17,29,4.2,,16,10.2,,1009.8,
2023-06-13 00:00:00,20.4,17.8,26,13.1,,67,8.3,,1009.7,
2023-06-14 00:00:00,19.4,16.3,26,8.4,,25,8.2,,1009.8,
2023-06-15 00:00:00,21.5,17.6,27,5.9,,40,9.8,,1009.8,
2023-06-16 00:00:00,22.9,15.8,29,0,,2,17.3,,1011.6,
2023-06-17 00:00:00,22.7,14.4,31,0,,349,11.5,,1013.7,
2023-06-18 00:00:00,23.1,15.8,30,0,,301,9.3,,1016.4,
2023-06-19 00:00:00,23.8,16.4,31,0,,304,8.8,,1017.5,
2023-06-20 00:00:00,24,16.6,32,0,,208,7.6,,1018.4,
2023-06-21 00:00:00,25.4,17.5,34,0,,333,6.7,,1018.6,
2023-06-22 00:00:00,26.3,18,37,0,,332,7.3,,1018.3,
2023-06-23 00:00:00,25.3,20.8,30,0,,198,12.1,,1015.9,
2023-06-24 00:00:00,25.2,19.8,31,0,,357,9.9,,1013.8,
2023-06-25 00:00:00,25.6,18.4,32,0,,0,14,,1013.4,
2023-06-26 00:00:00,25.6,17.9,33,0,,336,12.4,,1013.4,
2023-06-27 00:00:00,25.6,18.7,32,0,,284,10.3,,1013.3,
2023-06-28 00:00:00,24.9,19,30,0,,183,10.2,,1012,
2023-06-29 00:00:00,25.7,21.1,31,2.2,,198,8.8,,1013.7,
2023-06-30 00:00:00,24.7,20.4,30,2,,183,11.5,,1012.6,
2023-07-01 00:00:00,21.7,18.2,26,3.9,,151,11.2,,1009,
2023-07-02 00:00:00,23.4,18.7,29,0,,309,8.7,,1010.6,
2023-07-03 00:00:00,24.1,19.2,29,0,,168,11.2,,1013,
2023-07-04 00:00:00,24.5,18.3,31,0.6,,247,8.7,,1013.9,
2023-07-05 00:00:00,25.4,20,32,0,,298,8.5,,1014.5,
2023-07-06 00:00:00,25.4,19.2,32,0,,235,8.9,,1015.2,
2023-07-07 00:00:00,26.3,19.7,34,0,,312,8.4,,1018,
2023-07-08 00:00:00,27.7,21,34,0,,355,7.7,,1018.6,
2023-07-09 00:00:00,29,22.1,37,0,,318,7.7,,1018.8,
2023-07-10 00:00:00,29.3,21.9,37,0,,213,7.8,,1019.2,
2023-07-11 00:00:00,29.1,23,35,0,,251,7.4,,1018.1,
2023-07-12 00:00:00,28.7,21.4,35,0,,157,12.8,,1017.1,
2023-07-13 00:00:00,29.3,25.7,34,0,,170,18.1,,1015.2,
2023-07-14 00:00:00,27.7,21.9,34,0,,197,10.5,,1015.6,
2023-07-15 00:00:00,27.8,21.4,34,0,,215,7.4,,1015.8,
2023-07-16 00:00:00,28.6,22.3,36,0,,258,7.4,,1016,
2023-07-17 00:00:00,29.5,22.4,39,0,,281,7.3,,1017.2,
2023-07-18 00:00:00,30.4,22.1,40,0,,298,6.8,,1016.5,
2023-07-19 00:00:00,29.8,23.6,37,0,,282,8.9,,1012.9,
2023-07-20 00:00:00,29.2,22.8,35,0,,191,9.7,,1009.9,
2023-07-21 00:00:00,29.9,24.2,36,0.2,,189,12.8,,1010.3,
2023-07-22 00:00:00,29.8,26,34,0,,187,12.9,,1013.9,
2023-07-23 00:00:00,29.1,23.8,36,0,,194,8,,1016.2,
2023-07-24 00:00:00,31.2,24.6,38,0,,150,16.2,,1011.5,
2023-07-25 00:00:00,30,25.9,36,0,,198,20.4,,1004.8,
2023-07-26 00:00:00,26.3,23,29,0.8,,264,12.4,,1008,
2023-07-27 00:00:00,25.5,19.8,31,0,,254,10.1,,1013.5,
2023-07-28 00:00:00,25.1,19.3,31,0,,244,8.3,,1015,
2023-07-29 00:00:00,25.8,19.7,32,0,,290,8.9,,1014.3,
2023-07-30 00:00:00,26.6,21.3,32,0,,209,9.1,,1013.6,
2023-07-31 00:00:00,27.5,22.4,34,0,,25,8.9,,1011.1,
2023-08-01 00:00:00,26.5,21.8,32,0,,184,11.7,,1008.3,
2023-08-02 00:00:00,26.8,21.7,33,0,,161,12.5,,1008,
2023-08-03 00:00:00,27,21.9,32,0,,191,11.7,,1009.8,
2023-08-04 00:00:00,25.5,20,32,5.4,,179,13.8,,1008.6,
2023-08-05 00:00:00,20.6,16,24,3.9,,223,9.8,,1006.3,
2023-08-06 00:00:00,22.8,16.4,28,0,,143,9.8,,1007.6,
2023-08-07 00:00:00,23.3,17.8,29,0,,324,10.3,,1011,
2023-08-08 00:00:00,23.1,16.8,30,0,,308,9.8,,1016,
2023-08-09 00:00:00,22.6,16.8,30,0,,300,8.7,,1016.1,
2023-08-10 00:00:00,23.7,17.6,31,0,,311,8,,1017.2,
2023-08-11 00:00:00,25.2,18.7,33,0,,239,8.7,,1019.4,
2023-08-12 00:00:00,25.6,18.5,33,0,,191,9.6,,1018.6,
2023-08-13 00:00:00,25.5,18.6,32,0,,178,9.5,,1017.2,
2023-08-14 00:00:00,25.8,19.1,33,0,,194,7.9,,1016.7,
2023-08-15 00:00:00,25.3,19.6,32,0,,216,8,,1016.9,
2023-08-16 00:00:00,26.6,21.2,33,0,,227,8.4,,1016.5,
2023-08-17 00:00:00,27.3,22,35,0,,235,8.6,,1015.1,
2023-08-18 00:00:00,27.5,22,36,0,,238,8.5,,1014.8,
2023-08-19 00:00:00,29.2,22,39,0,,341,8.6,,1014.3,
2023-08-20 00:00:00,29.6,22.1,36,0,,18,16.7,,1014.3,
2023-08-21 00:00:00,30,22.5,38,0,,356,11.4,,1016.2,
2023-08-22 00:00:00,30.1,23.7,38,0,,304,10.4,,1014.9,
2023-08-23 00:00:00,29.6,23.3,38,0,,317,7.3,,1014,
2023-08-24 00:00:00,29.9,23.7,37,0,,285,8.5,,1014.4,
2023-08-25 00:00:00,29.1,23,36,0,,278,8.5,,1014,
2023-08-26 00:00:00,28.1,22.7,35,0,,222,7.5,,1012.8,
2023-08-27 00:00:00,27.9,21,36,0,,153,10.9,,1008.5,
2023-08-28 00:00:00,25,19.6,29.7,10.8,,193,24.2,,1003.8,
2023-08-29 00:00:00,20.2,17.9,24,12.9,,206,16.9,,1002.2,
2023-08-30 00:00:00,20.4,15.8,26,2.7,,127,9.3,,1007.2,
2023-08-31 00:00:00,21.2,15.7,28,1.1,,126,8.5,,1014.3,
2023-09-01 00:00:00,21.9,16.2,29,0,,68,8.1,,1018.5,
2023-09-02 00:00:00,23.3,17.9,31,0,,332,6.7,,1019.6,
2023-09-03 00:00:00,24.6,19,33,0,,323,7.9,,1020.1,
2023-09-04 00:00:00,25,19.5,32,0,,17,17.3,,1017.1,
2023-09-05 00:00:00,24.2,18.4,31,0,,24,22.1,,1014.6,
2023-09-06 00:00:00,24.1,17.4,31,0,,33,14.2,,1015.2,
2023-09-07 00:00:00,25.1,17.6,33,0,,6,13.1,,1014.8,
2023-09-08 00:00:00,24.8,18,33,0,,13,10.7,,1015.1,
2023-09-09 00:00:00,25.1,19,32,0,,339,8.8,,1015.4,
2023-09-10 00:00:00,24.8,17,33,0,,331,8.2,,1016.2,
2023-09-11 00:00:00,24.1,17,32,0,,293,8.6,,1015.3,
2023-09-12 00:00:00,22.8,15,31,0,,301,7.7,,1015.9,
2023-09-13 00:00:00,23,17,31,0,,58,5.9,,1017.8,
2023-09-14 00:00:00,23.9,19.2,30,3.9,,305,8.6,,1017.9,
2023-09-15 00:00:00,23.8,18.7,31,2.4,,317,8.5,,1016.7,
2023-09-16 00:00:00,22.9,18.1,29,0.1,,93,7.4,,1017.9,
2023-09-17 00:00:00,24.4,18.8,31,0,,141,6.8,,1018.6,
2023-09-18 00:00:00,24.6,19,32,0,,97,9,,1017.2,
2023-09-19 00:00:00,24.4,20.3,30,0,,184,9.5,,1016,
2023-09-20 00:00:00,23.2,20,29,2.8,,79,7.3,,1016,
2023-09-21 00:00:00,23.9,19.9,29,9.2,,147,12.3,,1011.8,
2023-09-22 00:00:00,24.7,21,29,2.7,,159,16.9,,1010.1,
2023-09-23 00:00:00,21.3,16.2,27,20.3,,218,11.9,,1011.4,
2023-09-24 00:00:00,18.9,15,25,0,,1,16.6,,1015.4,
2023-09-25 00:00:00,19.7,14.6,26,0,,6,23.1,,1016.2,
2023-09-26 00:00:00,22.2,15.2,30,0,,13,17.3,,1015.3,
2023-09-27 00:00:00,22.2,15,31,0,,3,12.5,,1015.4,
2023-09-28 00:00:00,21.3,15,30,0,,332,8.3,,1016.3,
2023-09-29 00:00:00,21.6,15,30,0,,351,8.6,,1019,
2023-09-30 00:00:00,21,14.8,29,0,,359,8,,1020.4,
2023-10-01 00:00:00,21,13,30,0,,316,7.3,,1022,
2023-10-02 00:00:00,21.2,14.5,30,0,,350,8.1,,1023.7,
2023-10-03 00:00:00,21.5,15,30,0,,287,8,,1023.1,
2023-10-04 00:00:00,21,15.6,29,0,,128,7.5,,1022.5,
2023-10-05 00:00:00,21.1,17.7,27,0,,161,7.5,,1022.5,
2023-10-06 00:00:00,20.9,15,29,0,,348,6.6,,1022.7,
2023-10-07 00:00:00,21.2,15,28,0,,323,8.1,,1022.9,
2023-10-08 00:00:00,21.3,13,30,0,,345,6.5,,1022.5,
2023-10-09 00:00:00,22.2,14,33,0,,309,7.6,,1022.6,
2023-10-10 00:00:00,21.7,13,31,0,,18,7,,1021,
2023-10-11 00:00:00,21.1,15,30,0,,56,7.3,,1021.2,
2023-10-12 00:00:00,20.4,12,30,0,,63,6.4,,1021.1,
2023-10-13 00:00:00,20,13,28,0,,48,6.8,,1021.7,
2023-10-14 00:00:00,19.9,13,26,0,,148,8.4,,1018.2,
2023-10-15 00:00:00,21.8,19.2,26,0.9,,169,13.2,,1012.7,
2023-10-16 00:00:00,18.4,15,22,2.8,,41,9,,1013.9,
2023-10-17 00:00:00,18.7,15,24,1.9,,10,8.9,,1014.7,
2023-10-18 00:00:00,19,16,23,0.3,,117,7.7,,1013.5,
2023-10-19 00:00:00,21.7,17,27,0.9,,141,18.9,,1006.6,
2023-10-20 00:00:00,23.4,19,28,0.6,,161,19.2,,999.2,
2023-10-21 00:00:00,19.2,16.2,23,16.5,,149,15.3,,1004.7,
2023-10-22 00:00:00,18.4,14,24,2,,167,9,,1013.4,
2023-10-23 00:00:00,18.2,12,25,0,,96,9.2,,1017.1,
2023-10-24 00:00:00,18.7,13,24,19,,153,15.7,,1013.3,
2023-10-25 00:00:00,19.3,16,23,4.1,,198,13.3,,1009.8,
2023-10-26 00:00:00,18.6,14,23,3.9,,161,12.3,,1006.8,
2023-10-27 00:00:00,20.6,17.8,23,5,,203,19.7,,1003.7,
2023-10-28 00:00:00,19.2,16,23,0,,210,13.2,,1010.2,
2023-10-29 00:00:00,18.5,13,24,0.3,,140,14.3,,1015.5,
2023-10-30 00:00:00,21.5,17.2,27,16.9,,138,23.7,,1011.4,
2023-10-31 00:00:00,19.2,14.6,22,2.3,,213,14,,1011.2,
2023-11-01 00:00:00,14.9,12,20,3.6,,67,7,,1014.7,
2023-11-02 00:00:00,17.1,12,21,6.9,,147,18,,1006,
2023-11-03 00:00:00,16.4,11.7,21.5,36.8,,207,26.5,,996.9,
2023-11-04 00:00:00,14.6,10.1,19,5.7,,170,11.8,,1001.4,
2023-11-05 00:00:00,18.8,16,21,5.1,,223,24.6,,1002.2,
2023-11-06 00:00:00,16.6,11,21,0,,196,11.9,,1014.6,
2023-11-07 00:00:00,14.9,11.7,17,10.5,,146,7.7,,1018.2,
2023-11-08 00:00:00,13.3,10.2,18,0.5,,8,10.8,,1020.3,
2023-11-09 00:00:00,11.9,6,19,2.3,,105,10.6,,1018.8,
2023-11-10 00:00:00,13.9,11.5,18,33.6,,148,12.4,,1009.7,
2023-11-11 00:00:00,12.5,7,19,1.3,,158,6.7,,1009.2,
2023-11-12 00:00:00,13,9.8,19,3.6,,110,7.9,,1011.2,
2023-11-13 00:00:00,13.3,8,21,0,,77,8.7,,1018.4,
2023-11-14 00:00:00,17.3,14,22,0,,156,11.5,,1018.5,
2023-11-15 00:00:00,17.9,13.9,23,0,,157,12.6,,1015.1,
2023-11-16 00:00:00,13.7,8.4,20,0,,137,9.4,,1018.5,
2023-11-17 00:00:00,16.2,11.8,20,0.6,,293,12.6,,1013.6,
2023-11-18 00:00:00,11.6,6,18,0,,7,10.6,,1021.8,
2023-11-19 00:00:00,10.8,5,18,0.2,,90,8.4,,1021.8,
2023-11-20 00:00:00,15.7,11,20,0.7,,154,8.3,,1016.1,
2023-11-21 00:00:00,15.7,12.4,20,3.4,,164,12.1,,1006.1,
2023-11-22 00:00:00,12.8,10,17,2.8,,22,18.8,,1005.6,
2023-11-23 00:00:00,13.9,10.2,20,0,,9,21.2,,1012.8,
2023-11-24 00:00:00,11.2,7,16,0.2,,22,8.2,,1006.1,
2023-11-25 00:00:00,9.6,4.3,12.5,3.8,,2,25.4,,1000.6,
2023-11-26 00:00:00,5.3,-2,14,0,,41,7.6,,1014.1,
2023-11-27 00:00:00,8,3.1,15,13.6,,100,13,,1012.8,
2023-11-28 00:00:00,12.7,8.4,17,14.1,,259,14.5,,998.7,
2023-11-29 00:00:00,8.7,2,16,0,,36,8.2,,1006.7,
2023-11-30 00:00:00,14.1,9.5,18,6.5,,156,14.7,,1008.8,
2023-12-01 00:00:00,17.2,15,21,0,,152,21.5,,1005.3,
2023-12-02 00:00:00,15,10.3,17,3,,205,25.1,,1004.7,
2023-12-03 00:00:00,10.5,6.1,15,0,,358,13.4,,1015.5,
2023-12-04 00:00:00,7.5,3,13,0,,62,9.9,,1020.2,
2023-12-05 00:00:00,10.6,7.3,14,15.1,,78,12.3,,1010.8,
2023-12-06 00:00:00,7,4.4,12,0,,12,7.7,,1012.2,
2023-12-07 00:00:00,6.1,1,13,0,,30,10.1,,1018.1,
2023-12-08 00:00:00,5.2,1,9.4,0.2,,25,10.8,,1015.8,
2023-12-09 00:00:00,8.7,5,16,0.2,,44,7.7,,1015.8,
2023-12-10 00:00:00,12.3,7.9,18,1.1,,4,13,,1015.1,
2023-12-11 00:00:00,10.1,5,15,0.7,,131,9.4,,1017.2,
2023-12-12 00:00:00,14.4,11.9,17,0,,148,10.5,,1014.4,
2023-12-13 00:00:00,14.6,10,18,0,,177,15.5,,1007,
2023-12-14 00:00:00,12.4,8.5,16,4.9,,15,12.4,,1009,
2023-12-15 00:00:00,10.6,7.4,17,0,,11,25.6,,1021,
2023-12-16 00:00:00,9.2,5.3,14,0,,15,24.4,,1029.1,
2023-12-17 00:00:00,7.2,2,16,0,,29,11.1,,1035.3,
2023-12-18 00:00:00,6.1,0,15,0,,25,8,,1033.1,
2023-12-19 00:00:00,6.6,-1,16,0,,40,7.1,,1025.7,
2023-12-20 00:00:00,7.2,2,15,0,,34,6.4,,1014.5,
2023-12-21 00:00:00,7.7,2,15,0,,75,7.2,,1011.6,
2023-12-22 00:00:00,10.5,5,17,0,,8,8.4,,1006.5,
2023-12-23 00:00:00,8.9,3.9,16,0,,52,9.8,,1012.7,
2023-12-24 00:00:00,12.5,9.8,15,0,,139,10.8,,1018.1,
2023-12-25 00:00:00,12.3,8.2,15,0,,145,9.5,,1020.2,
2023-12-26 00:00:00,10.5,7,15,0,,79,5.7,,1021.8,
2023-12-27 00:00:00,10.7,7,16,0,,49,6.5,,1025.9,
2023-12-28 00:00:00,7.9,3,12,0,,23,6.7,,1028.4,
2023-12-29 00:00:00,10.7,7.6,15,0,,38,5.6,,1024.7,
2023-12-30 00:00:00,11.5,8.6,17,0,,62,5.7,,1021.4,
2023-12-31 00:00:00,10.7,7,16,1.8,,84,9.3,,1018.1,
2024-01-01 00:00:00,12.1,9.5,16,2.1,,167,10.1,,1014.8,
2024-01-02 00:00:00,9.3,3,16,0,,65,8.6,,1017.9,
2024-01-03 00:00:00,13.6,10.7,17,0.3,,170,12.8,,1014.4,
2024-01-04 00:00:00,12.7,8.9,19,0,,105,7.7,,1012.8,
2024-01-05 00:00:00,12.6,7,17,9.2,,133,16.9,,1009.2,
2024-01-06 00:00:00,12.8,9.3,17,11.4,,116,16.5,,997.5,
2024-01-07 00:00:00,10.3,8.2,12,6.1,,356,7.4,,995,
2024-01-08 00:00:00,9.1,6.7,14,0,,8,15.6,,1003.6,
2024-01-09 00:00:00,7.8,4.5,12,0,,16,12.9,,1016.6,
2024-01-10 00:00:00,7.5,5.6,10,0,,25,12.4,,1022.6,
2024-01-11 00:00:00,7,4.1,13,0,,12,13.6,,1018.9,
2024-01-12 00:00:00,5.9,0,14,0,,21,15.4,,1018.7,
2024-01-13 00:00:00,5.3,0,13,0,,36,10.9,,1022.2,
2024-01-14 00:00:00,7.4,1,14,0.9,,88,10.4,,1015.3,
2024-01-15 00:00:00,11,7.4,16,2.7,,169,8.7,,1004.1,
2024-01-16 00:00:00,9.4,3,17,0,,104,9.3,,1008.5,
2024-01-17 00:00:00,13.6,9.3,16,3,,148,15.7,,1008.6,
2024-01-18 00:00:00,14.9,12.8,18,1.1,,193,18.7,,1003.8,
2024-01-19 00:00:00,14.1,11.6,18,1.6,,195,11.5,,1008,
2024-01-20 00:00:00,7.9,3,12,2.5,,9,28.6,,1016.8,
2024-01-21 00:00:00,5.6,0,15,0,,21,13.1,,1028.5,
2024-01-22 00:00:00,4.9,-1,14,0,,359,8.5,,1031.9,
2024-01-23 00:00:00,9.5,4.7,16,0,,32,12.6,,1028.3,
2024-01-24 00:00:00,8.1,2,17,0,,20,8,,1031,
2024-01-25 00:00:00,9.1,3.9,16,0,,33,8.5,,1025.9,
2024-01-26 00:00:00,9.3,4,15,0,,16,7.3,,1026.3,
2024-01-27 00:00:00,10.2,5.4,17,0,,14,7,,1028,
2024-01-28 00:00:00,7.9,1,17,0,,23,7.8,,1033.9,
2024-01-29 00:00:00,6.7,0,16,0,,17,8.1,,1034.8,
2024-01-30 00:00:00,6.3,-1,15,0,,6,8.5,,1035.1,
2024-01-31 00:00:00,6.4,-1,16,0,,358,7.5,,1033.7,
2024-02-01 00:00:00,6.9,0,15,0,,1,6.5,,1028.6,
2024-02-02 00:00:00,7.9,1,19,0,,355,8.5,,1027,
2024-02-03 00:00:00,8.8,1,20,0,,51,7.2,,1028.3,
2024-02-04 00:00:00,8.9,1,19,0,,27,7.4,,1026.9,
2024-02-05 00:00:00,9.5,5.5,15,0,,98,7.6,,1027.1,
2024-02-06 00:00:00,11.7,6,18,0,,152,9.4,,1024.1,
2024-02-07 00:00:00,10.3,6,16,0,,31,10.1,,1016.9,
2024-02-08 00:00:00,11.8,7,17,0,,168,11.2,,1013.5,
2024-02-09 00:00:00,13.7,10.5,17,0.6,,148,23.5,,1007.3,
2024-02-10 00:00:00,14.5,12.5,17,28.6,,157,25.4,,995.9,
2024-02-11 00:00:00,11.4,8.1,14,21.7,,181,12.8,,995.6,
2024-02-12 00:00:00,9.4,4.8,17,0.5,,25,7.2,,1004.9,
2024-02-13 00:00:00,10.4,6,17,0,,13,14.3,,1014.8,
2024-02-14 00:00:00,9.7,3,18,0,,6,11.9,,1023.1,
2024-02-15 00:00:00,9.1,2,20,0,,357,7.4,,1023.2,
2024-02-16 00:00:00,10.1,3,19,0,,0,7.3,,1021.3,
2024-02-17 00:00:00,10.7,4,20,0,,43,6.5,,1025.3,
2024-02-18 00:00:00,10.4,4,19,0,,285,8,,1029.2,
2024-02-19 00:00:00,11.3,7.3,17,0,,18,6.3,,1023.6,
2024-02-20 00:00:00,9.7,4.8,19,0.2,,17,10.9,,1021.2,
2024-02-21 00:00:00,9.6,3,19,0,,9,9.4,,1023.4,
2024-02-22 00:00:00,9.8,3,16,0,,143,11.7,,1018.2,
2024-02-23 00:00:00,13.5,9.8,16,10.1,,176,26.2,,1005.7,
2024-02-24 00:00:00,10.1,5,15,0.4,,172,10.8,,1010,
2024-02-25 00:00:00,10.3,6.7,16,1.4,,315,10.4,,1009.8,
2024-02-26 00:00:00,9.6,3.5,14,9.7,,129,14.9,,1007.1,
2024-02-27 00:00:00,13.8,12,17,15,,142,22.1,,1006.6,
2024-02-28 00:00:00,13.7,9.7,19,11.8,,22,12.5,,1008.2,
2024-02-29 00:00:00,12.2,8.8,16,3.2,,276,9.1,,1007.6,
2024-03-01 00:00:00,10.1,7,14,6.3,,156,10.5,,1006.1,
2024-03-02 00:00:00,12.3,9.8,17,4.8,,169,10.6,,1010.7,
2024-03-03 00:00:00,12,7,17,6.3,,145,19.6,,1008.7,
2024-03-04 00:00:00,10.3,7.8,15,11.2,,41,10.4,,1005.7,
2024-03-05 00:00:00,11.2,6.7,17,0,,78,10.1,,1012.1,
2024-03-06 00:00:00,10.1,6.3,15,0.6,,248,10.8,,1016.3,
2024-03-07 00:00:00,9.1,4,16,0.7,,348,8.3,,1016.8,
2024-03-08 00:00:00,9.5,3.2,17,1.2,,114,12.3,,1015.3,
2024-03-09 00:00:00,11.6,9.5,15,12.8,,148,16.7,,1011.2,
2024-03-10 00:00:00,13.5,9.4,18,21.3,,137,20.6,,1005.2,
2024-03-11 00:00:00,11,8.5,16,18.9,,161,8.3,,1006.8,
2024-03-12 00:00:00,11,6.1,17,2.6,,335,10,,1012.6,
2024-03-13 00:00:00,10.6,4.6,19,0.2,,351,8.6,,1017.3,
2024-03-14 00:00:00,11.3,5.6,19,0,,329,8.5,,1019.1,
2024-03-15 00:00:00,11.3,6.4,18,0,,99,7,,1019.9,
2024-03-16 00:00:00,12.3,7.8,18,0.2,,347,7.2,,1019.9,
2024-03-17 00:00:00,12.7,6.6,21,0,,312,8.1,,1021.6,
2024-03-18 00:00:00,12.9,8.9,18,2.3,,176,8.9,,1017.1,
2024-03-19 00:00:00,15,10.4,21,0.5,,39,7.5,,1014.7,
2024-03-20 00:00:00,13.2,7.9,21,0,,334,8.8,,1020.9,
2024-03-21 00:00:00,13.2,8.9,20,0,,10,8.5,,1023.4,
2024-03-22 00:00:00,14.2,9.9,21,1.4,,298,6.8,,1018.4,
2024-03-23 00:00:00,13.8,10,19,0,,160,10,,1015.9,
2024-03-24 00:00:00,14.1,10.4,19,0,,196,15.9,,1008.7,
2024-03-25 00:00:00,12.1,6.2,19,0.8,,92,10.8,,1007.3,
2024-03-26 00:00:00,12.6,8.5,16,22.1,,112,14.7,,999.4,
2024-03-27 00:00:00,12.6,10.3,15,16,,172,14.6,,998.4,
2024-03-28 00:00:00,14.3,8.8,18,4.5,,169,17.9,,1009.1,
2024-03-29 00:00:00,17.3,13.5,22,0,,150,20.5,,1013.7,
2024-03-30 00:00:00,18.1,13.6,23,0,,146,23.1,,1007.8,
2024-03-31 00:00:00,18.1,14.3,22,0.4,,169,19.9,,1008.7,
2024-04-01 00:00:00,16.7,10.9,22,7,,176,21.2,,1009,
2024-04-02 00:00:00,13.9,10.4,19,0.8,,206,12.6,,1017.4,
2024-04-03 00:00:00,12.8,7.8,19,0,,146,9.5,,1019.1,
2024-04-04 00:00:00,13.6,7.3,20,0.1,,247,7.1,,1021.3,
2024-04-05 00:00:00,14.6,8.5,22,0,,349,6.7,,1024.5,
2024-04-06 00:00:00,15.3,9,24,0,,318,7.5,,1024.6,
2024-04-07 00:00:00,15.8,9.1,24,0,,0,7.3,,1021.7,
2024-04-08 00:00:00,16.4,10.3,25,0,,298,7.3,,1018.1,
2024-04-09 00:00:00,17.2,10,25,0,,157,10.5,,1016.6,
2024-04-10 00:00:00,15,9.8,17,0.9,,196,15.4,,1017.7,
2024-04-11 00:00:00,13.6,7,22,0,,2,7.2,,1024,
2024-04-12 00:00:00,18.3,10.8,28,0,,13,9.1,,1025.4,
2024-04-13 00:00:00,19.5,12.7,28,0,,2,9.2,,1024.9,
2024-04-14 00:00:00,20,13.3,29,0,,341,8.2,,1023.4,
2024-04-15 00:00:00,17.4,11,23,0,,259,7.7,,1018,
2024-04-16 00:00:00,16.6,13.5,21,0,,190,17.8,,1006.6,
2024-04-17 00:00:00,13.5,9.7,18,0,,352,10.7,,1002.8,
2024-04-18 00:00:00,12.2,6,18,0.1,,328,10.4,,1006.6,
2024-04-19 00:00:00,12.6,6.3,19,0,,2,16.1,,1011,
2024-04-20 00:00:00,11.3,6,18,2.6,,43,11.4,,1009.4,
2024-04-21 00:00:00,13.2,7.5,20,0,,1,17,,1010.7,
2024-04-22 00:00:00,13.3,9.6,18,0.6,,170,15.8,,1010.4,
2024-04-23 00:00:00,11.7,9,16,1.5,,202,13.5,,1008.1,
2024-04-24 00:00:00,10.6,6.8,15,3.7,,163,10,,1007.7,
2024-04-25 00:00:00,11.1,6.1,16,0,,115,9.9,,1008.2,
2024-04-26 00:00:00,13.7,9.5,19,1,,149,12.7,,1011.8,
2024-04-27 00:00:00,16.3,9.5,23,0.4,,122,12.5,,1015.2,
2024-04-28 00:00:00,17.1,9.2,26,0,,346,9,,1017.3,
2024-04-29 00:00:00,18.7,11.4,26,0,,359,9.3,,1017.7,
2024-04-30 00:00:00,19.6,12.5,28,0,,6,11.1,,1015.3,
2024-05-01 00:00:00,16.1,14,20,24.2,,132,11.4,,1008.7,
2024-05-02 00:00:00,14.9,10,19,17.8,,172,17.3,,1011.3,
2024-05-03 00:00:00,12.8,10,15,28.8,,107,12,,1013.3,
2024-05-04 00:00:00,14.7,8.3,22,0,,335,10.4,,1015.9,
2024-05-05 00:00:00,16.2,10.6,23,0,,271,7.4,,1017.3,
2024-05-06 00:00:00,16.7,10.3,24,0,,192,8.6,,1015.7,
2024-05-07 00:00:00,16.6,12.4,21,3.2,,176,12.6,,1014,
2024-05-08 00:00:00,15.8,10.9,23,1.4,,354,9,,1014.2,
2024-05-09 00:00:00,18.9,13.5,27,1.3,,6,13.4,,1013.5,
2024-05-10 00:00:00,19.1,13,25,0,,19,10.9,,1014.9,
2024-05-11 00:00:00,18.9,11.6,26,0,,342,10,,1016.5,
2024-05-12 00:00:00,18.5,11.9,25,0,,235,8.6,,1017.6,
2024-05-13 00:00:00,18.5,13.3,25,0,,325,7.2,,1015.6,
2024-05-14 00:00:00,19.4,12.9,27,0.4,,0,7.8,,1009.9,
2024-05-15 00:00:00,20.1,13.7,27,0,,143,12.6,,1007.5,
2024-05-16 00:00:00,20.1,14.4,26,0,,206,11.2,,1006.7,
2024-05-17 00:00:00,19.8,14.4,25,0,,203,9.9,,1012.1,
2024-05-18 00:00:00,18.6,12.9,26,0,,67,8.8,,1012.6,
2024-05-19 00:00:00,19.7,15.1,25,5.4,,44,7.3,,1011.1,
2024-05-20 00:00:00,20.2,14.9,27,12.5,,10,8.6,,1008.7,
2024-05-21 00:00:00,19.4,16.5,23,13.7,,218,12.7,,1009.4,
2024-05-22 00:00:00,19.1,15,23,1.2,,203,12.6,,1014.8,
2024-05-23 00:00:00,18.7,12.6,24,0.1,,171,10.2,,1017.7,
2024-05-24 00:00:00,18.8,12.1,26,0,,53,8.4,,1018.6,
2024-05-25 00:00:00,19,13.6,24,2.6,,315,10.3,,1016.3,
2024-05-26 00:00:00,20.3,12.6,28,0,,342,10.7,,1016.8,
2024-05-27 00:00:00,20.9,13.7,27,0.5,,328,9.6,,1017.1,
2024-05-28 00:00:00,20.6,14.8,26,0,,205,8.1,,1014.9,
2024-05-29 00:00:00,20.9,15,27,4.8,,325,8.8,,1013.1,
2024-05-30 00:00:00,20.5,14.9,26,1.4,,187,10.2,,1009.6,
2024-05-31 00:00:00,20.3,16.7,24,1.1,,200,19,,1008.2,
2024-06-01 00:00:00,20.3,14,26,0,,184,11.9,,1013.8,
2024-06-02 00:00:00,17.1,13.8,23,4.2,,97,8,,1015.5,
2024-06-03 00:00:00,19.6,13.5,26,4.8,,327,9.6,,1014.5,
2024-06-04 00:00:00,20.1,13.1,27,0,,298,8.8,,1015,
2024-06-05 00:00:00,21.6,15.1,28,0,,294,8.6,,1015.8,
2024-06-06 00:00:00,23.9,16,31,0,,318,10.9,,1017.4,
2024-06-07 00:00:00,24.6,17,31,0,,238,9.1,,1017.3,
2024-06-08 00:00:00,25.4,18.3,34,0,,306,7.8,,1014.3,
2024-06-09 00:00:00,24.5,19.5,32,0.6,,151,14.2,,1009.2,
2024-06-10 00:00:00,23.2,20.1,26,0.5,,205,15.8,,1008.3,
2024-06-11 00:00:00,23.1,18.3,28,0.1,,193,11.5,,1011.3,
2024-06-12 00:00:00,22.7,17,28,2,,218,10.4,,1012.9,
2024-06-13 00:00:00,21.4,16.8,26,0.6,,203,12.1,,1015,
2024-06-14 00:00:00,21.4,14.6,29,0,,330,10.7,,1017.5,
2024-06-15 00:00:00,21.9,15.2,29,0,,198,8,,1014.5,
2024-06-16 00:00:00,22.5,16.6,29,0,,194,11.9,,1012.8,
2024-06-17 00:00:00,23.6,16.2,31,0,,253,9.3,,1016.1,
2024-06-18 00:00:00,26.1,17.8,35,0,,248,9,,1017,
2024-06-19 00:00:00,27.2,19.9,34,0,,148,8.6,,1017,
2024-06-20 00:00:00,29.3,20.5,39,0,,336,6.4,,1017.1,
2024-06-21 00:00:00,29.3,23.4,36,0,,242,9.6,,1014.6,
2024-06-22 00:00:00,25.7,20.6,32,0,,264,12.8,,1012,
2024-06-23 00:00:00,22.6,19.2,26,0,,199,11.4,,1010.6,
2024-06-24 00:00:00,21.8,17.6,28,8.8,,168,10.9,,1010.5,
2024-06-25 00:00:00,22.3,16.2,28,1,,215,10.7,,1011.8,
2024-06-26 00:00:00,23.2,16.8,30,0,,289,10.6,,1011.1,
2024-06-27 00:00:00,24.1,17.8,32,0,,293,10.6,,1012.7,
2024-06-28 00:00:00,26.2,18.6,34,0,,298,10.2,,1015.4,
2024-06-29 00:00:00,27.4,20.2,36,0,,152,9.8,,1015.7,
2024-06-30 00:00:00,26.8,21.2,33,0,,210,12.1,,1013.3,
2024-07-01 00:00:00,25.6,19.8,32,0.6,,206,8.5,,1011.8,
2024-07-02 00:00:00,26,19.6,32,1.1,,297,13.3,,1006.6,
2024-07-03 00:00:00,22.9,19.3,28,12.1,,131,10,,1006,
2024-07-04 00:00:00,24.1,18,31,1.5,,348,10.7,,1008.3,
2024-07-05 00:00:00,24.9,18.7,31,0,,226,9,,1014.4,
2024-07-06 00:00:00,24.9,17.9,31,0,,170,10.2,,1013.5,
2024-07-07 00:00:00,26,19.8,33,0,,151,14.5,,1012.2,
2024-07-08 00:00:00,26.9,20.9,33,0,,183,9.5,,1014.3,
2024-07-09 00:00:00,28.8,21.5,36,0,,282,9.7,,1014.2,
2024-07-10 00:00:00,29.5,21.5,37,0,,255,10.3,,1014.2,
2024-07-11 00:00:00,30.5,23.3,38,0,,192,9.9,,1014.1,
2024-07-12 00:00:00,29.1,22.3,35,0,,213,9.6,,1012.3,
2024-07-13 00:00:00,28.2,21.7,34,0,,205,10,,1010.7,
2024-07-14 00:00:00,28.2,21.1,36,0,,228,8,,1011.9,
2024-07-15 00:00:00,29.7,22.6,38,0,,266,9,,1012,
2024-07-16 00:00:00,29,22.2,36,0,,222,9.5,,1012.2,
2024-07-17 00:00:00,30.2,23.3,37,0,,278,10.6,,1013.6,
2024-07-18 00:00:00,29.1,22.3,36,0,,212,9,,1015.4,
2024-07-19 00:00:00,29.2,21.9,37,0,,214,10,,1013.7,
2024-07-20 00:00:00,28.5,22.9,34,0,,201,11,,1009.5,
2024-07-21 00:00:00,28.6,22.1,35,0,,215,9.4,,1009.3,
2024-07-22 00:00:00,28,23.7,34,1.4,,55,14.2,,1009.5,
2024-07-23 00:00:00,29.6,22.7,37,0,,323,11.5,,1012.3,
2024-07-24 00:00:00,30,24.7,36,0.1,,285,13.8,,1010.3,
2024-07-25 00:00:00,28.5,23.3,34,1.8,,214,10,,1009.4,
2024-07-26 00:00:00,28.7,22.8,35,0,,224,9.2,,1011.3,
2024-07-27 00:00:00,29.6,23.7,37,0,,275,9,,1014.9,
2024-07-28 00:00:00,29.9,23.4,37,0,,261,9,,1016.5,
2024-07-29 00:00:00,31.2,24.6,39,0,,190,9.5,,1014.2,
2024-07-30 00:00:00,30.6,24.6,37,0,,318,13.8,,1013.5,
2024-07-31 00:00:00,29.7,23.3,36,0,,260,10.5,,1012.8,
2024-08-01 00:00:00,29.5,24.3,36,0,,201,9.5,,1011.8,
2024-08-02 00:00:00,28.9,21.9,36,0,,162,10.3,,1009.2,
2024-08-03 00:00:00,29.5,23.4,36,0.6,,173,10.7,,1007.2,
2024-08-04 00:00:00,28.6,22.2,35,0.5,,288,8.7,,1008.7,
2024-08-05 00:00:00,28.8,23.4,35,0.5,,250,10.4,,1009.7,
2024-08-06 00:00:00,29.6,24.6,36,0.4,,251,8.1,,1010.5,
2024-08-07 00:00:00,28.9,23.3,35,0,,259,10,,1011.5,
2024-08-08 00:00:00,28.9,23.9,35,0,,229,10.3,,1012.5,
2024-08-09 00:00:00,29.6,24.3,36,0.1,,208,9.6,,1014,
2024-08-10 00:00:00,30.2,24.7,37,0,,227,8.4,,1016.6,
2024-08-11 00:00:00,30.9,24.9,38,0,,255,9.1,,1016.3,
2024-08-12 00:00:00,31,24.5,37,0,,211,9.8,,1012.4,
2024-08-13 00:00:00,30.1,24.6,36,0.3,,225,9.5,,1010.5,
2024-08-14 00:00:00,29.9,24,37,0,,206,8,,1011.5,
2024-08-15 00:00:00,29.3,23.4,35,0.4,,173,9.8,,1014.3,
2024-08-16 00:00:00,29.4,24.6,36,0,,140,9,,1015.1,
2024-08-17 00:00:00,29.5,24.7,35,0.3,,224,9.4,,1012.9,
2024-08-18 00:00:00,26,23.3,33,6.4,,170,9.1,,1008.7,
2024-08-19 00:00:00,24.1,19.9,31,14.7,,85,11.3,,1006.4,
2024-08-20 00:00:00,24.9,18.9,32,0.5,,330,9.8,,1008.7,
2024-08-21 00:00:00,27.6,21.6,35,0,,332,10.8,,1009.7,
2024-08-22 00:00:00,27.7,22.2,33,2.2,,231,9.6,,1011.5,
2024-08-23 00:00:00,28.2,22.9,35,0,,238,8.4,,1014.1,
2024-08-24 00:00:00,28,22.6,35,0,,214,8.2,,1016.1,
2024-08-25 00:00:00,27.2,20.8,36,0,,280,8.6,,1014.3,
2024-08-26 00:00:00,28.1,20.5,36,0,,38,9.4,,1011.3,
2024-08-27 00:00:00,,,,,,,,,,
2024-08-28 00:00:00,,,,,,,,,,
2024-08-29 00:00:00,,,,,,,,,,
2024-08-30 00:00:00,,,,,,,,,,
2024-08-31 00:00:00,,,,,,,,,,
2024-09-01 00:00:00,,,,,,,,,,
2024-09-02 00:00:00,,,,,,,,,,
2024-09-03 00:00:00,,,,,,,,,,
2024-09-04 00:00:00,25.4,20,32,0,,59,8.6,,1013,
2024-09-05 00:00:00,24.3,21,30,16.9,,184,10.3,,1009.9,
2024-09-06 00:00:00,24.5,18.9,31,0,,183,8.6,,1012.1,
2024-09-07 00:00:00,26.2,19.3,35,0,,100,9.2,,1015,
2024-09-08 00:00:00,27.7,21,35,1.1,,125,13.9,,1012,
2024-09-09 00:00:00,24.5,21.7,28,26.3,,216,12.8,,1004.3,
2024-09-10 00:00:00,24.8,19.7,32,0,,359,13.8,,1006.4,
2024-09-11 00:00:00,22.5,16.6,29,1.8,,174,10.3,,1008.9,
2024-09-12 00:00:00,22.1,18.5,27,13.5,,186,16.7,,1007,
2024-09-13 00:00:00,16.9,14,22,1.7,,231,14.6,,1005.7,
2024-09-14 00:00:00,16.5,10.6,24,0,,351,10.2,,1013.1,
2024-09-15 00:00:00,19.1,12,27,0,,324,12.6,,1012.8,
2024-09-16 00:00:00,19.2,14,25,2.4,,30,7.7,,1010.1,
2024-09-17 00:00:00,15.8,14.4,18,5,,14,10.4,,1010.2,
2024-09-18 00:00:00,17.3,13,23,18.3,,32,9.3,,1013.6,
2024-09-19 00:00:00,17.8,14.2,25,6.6,,31,6.3,,1013.2,
2024-09-20 00:00:00,18.7,12.8,26,0.2,,357,8.4,,1015.9,
2024-09-21 00:00:00,19.8,14.2,27,0,,13,8.5,,1019.1,
2024-09-22 00:00:00,19.8,15.8,26,1.2,,79,7.6,,1017.4,
2024-09-23 00:00:00,20.7,15.5,27,12.3,,125,10.2,,1013.2,
2024-09-24 00:00:00,20.2,17,25,10.7,,152,10.7,,1013.4,
2024-09-25 00:00:00,20.4,16.4,26,1.3,,152,11.4,,1015.8,
2024-09-26 00:00:00,21.4,17.5,26,0.2,,152,16.6,,1015.4,
2024-09-27 00:00:00,23.3,17,29,0.2,,158,18.1,,1012,
2024-09-28 00:00:00,21.6,16.8,24,7.2,,209,14.9,,1012.5,
2024-09-29 00:00:00,18.5,14,25,0,,8,13.7,,1019.7,
2024-09-30 00:00:00,17.3,11.2,25,0,,343,10.5,,1020.8,
2024-10-01 00:00:00,18.3,13,26,0,,8,7.7,,1017.1,
2024-10-02 00:00:00,19.8,14.8,25,0,,135,12.4,,1010.7,
2024-10-03 00:00:00,20.6,17,24,35.2,,174,17.1,,1003,
2024-10-04 00:00:00,17.2,14.2,20,1.8,,191,13.8,,1007.1,
2024-10-05 00:00:00,16.1,13.2,20,0.2,,126,7.9,,1010.6,
2024-10-06 00:00:00,15.2,11,21,0,,10,6.4,,1013.7,
2024-10-07 00:00:00,17.4,11.9,24,0,,92,9.6,,1016.5,
2024-10-08 00:00:00,19.7,17.1,24,33.8,,142,18.5,,1012.6,
2024-10-09 00:00:00,19.9,15.8,25,1.1,,160,11,,1010.8,
2024-10-10 00:00:00,21.2,17.8,25,0.8,,166,18,,1006.4,
2024-10-11 00:00:00,18.1,13,25,0,,19,6.8,,1010.8,
2024-10-12 00:00:00,17.2,11,25,0,,33,6.8,,1017.2,
2024-10-13 00:00:00,16.9,11,25,0,,358,6.9,,1019.7,
2024-10-14 00:00:00,17.3,10,25,0,,354,6.3,,1020.6,
2024-10-15 00:00:00,18.7,14,25.2,0,,349,6.4,,1019.8,
2024-10-16 00:00:00,18.1,15,22,0,,20,7.1,,1020,
2024-10-17 00:00:00,20.3,16,25,1.5,,101,10,,1019.2,
2024-10-18 00:00:00,20.3,17.1,24,24.5,,154,12.8,,1016.3,
2024-10-19 00:00:00,17.9,16.2,21,20.1,,41,9,,1012.7,
2024-10-20 00:00:00,18,14,24,1.8,,30,7,,1018.5,
2024-10-21 00:00:00,19.3,14.3,27,0,,353,6.8,,1025.4,
2024-10-22 00:00:00,20.2,16.4,26,7.7,,20,6.9,,1026.3,
2024-10-23 00:00:00,17.7,15.9,19,16.8,,16,6.1,,1027.4,
2024-10-24 00:00:00,19.2,16.8,24,16.8,,79,6.3,,1026.8,
2024-10-25 00:00:00,18.9,15.2,24,0.8,,76,6.8,,1023.8,
2024-10-26 00:00:00,18.4,14.2,24,0,,93,7.5,,1021.7,
2024-10-27 00:00:00,18.1,14.3,24,0.6,,84,7,,1022.7,
2024-10-28 00:00:00,17.7,13.4,25,0,,18,6.8,,1024.8,
2024-10-29 00:00:00,17.1,12,25,0,,16,7,,1024.3,
2024-10-30 00:00:00,16.5,12,24,0,,29,7.4,,1023,
2024-10-31 00:00:00,16.2,11,24,0,,355,7.9,,1023.5,
2024-11-01 00:00:00,15.9,10,24,0,,9,7.9,,1024,
2024-11-02 00:00:00,14.9,9,23,0,,28,8,,1022.4,
2024-11-03 00:00:00,14.6,9,23,0,,29,7.2,,1024.2,
2024-11-04 00:00:00,14.6,8,22,0,,359,7.7,,1024.6,
2024-11-05 00:00:00,14.1,8,22,0,,28,7.3,,1024.4,
2024-11-06 00:00:00,13.9,8,21,0,,27,7.6,,1026,
2024-11-07 00:00:00,14.1,9,21,0,,27,9.4,,1027.2,
2024-11-08 00:00:00,14.5,10.4,21,0,,23,9.1,,1025.3,
2024-11-09 00:00:00,14.2,10.1,20,0.4,,9,9.7,,1023.1,
2024-11-10 00:00:00,14.2,10.4,20,0,,11,9.7,,1019.6,
2024-11-11 00:00:00,12.8,8,20,0,,15,9.9,,1019.6,
2024-11-12 00:00:00,11.9,6,19,0,,18,10.8,,1017.9,
2024-11-13 00:00:00,10,5,16,0,,39,9.5,,1019.7,
2024-11-14 00:00:00,8.9,6,13,0,,14,13.4,,1017.9,
2024-11-15 00:00:00,9.5,4,17,0,,16,16.7,,1019.4,
2024-11-16 00:00:00,9.1,2,18,0,,30,8.1,,1021.4,
2024-11-17 00:00:00,9.8,1,18,0,,75,7.2,,1017.2,
2024-11-18 00:00:00,14.8,9,21,0,,150,11.9,,1012.7,
2024-11-19 00:00:00,15.3,9,20,0.5,,175,11.4,,1011.9,
2024-11-20 00:00:00,16.6,13.1,19,0.9,,245,18.7,,1003.9,
2024-11-21 00:00:00,12.1,6,17,2.3,,151,10.4,,1006.6,
2024-11-22 00:00:00,13.6,8.2,17,8.1,,252,16.6,,1004.6,
2024-11-23 00:00:00,7.2,1,14,0,,38,8.3,,1027.3,
2024-11-24 00:00:00,7.1,1,17,0,,36,7.3,,1034.5,
2024-11-25 00:00:00,7.7,4,11.8,0.5,,27,10.2,,1029,
2024-11-26 00:00:00,14.6,10,20,0.2,,132,10.2,,1023.4,
2024-11-27 00:00:00,14,8,19,0.1,,93,8.5,,1023,
2024-11-28 00:00:00,12.8,9,20,0,,32,5.7,,1023.7,
2024-11-29 00:00:00,12.6,8.4,18,0.2,,23,13,,1021.2,
2024-11-30 00:00:00,9.3,7.1,13,0,,357,22.1,,1023.3,
2024-12-01 00:00:00,10.2,6.7,15,0,,15,18.1,,1020.4,
2024-12-02 00:00:00,8.2,2,16,0,,23,7.1,,1019.4,
2024-12-03 00:00:00,8.2,2,13,1,,38,9.7,,1015.6,
2024-12-04 00:00:00,10.3,7,13,2.3,,32,14.2,,1013.8,
2024-12-05 00:00:00,10,6.5,15,0,,6,25.1,,1016.1,
2024-12-06 00:00:00,7.9,3,15,0,,25,10.8,,1016.8,
2024-12-07 00:00:00,9.1,2,15,0.4,,51,10,,1012.2,
2024-12-08 00:00:00,9.7,7.2,13,22.8,,128,13.6,,997.1,
2024-12-09 00:00:00,8.3,5.2,13,3.5,,78,8.5,,1005.2,
2024-12-10 00:00:00,,,,,,,,,,
2024-12-11 00:00:00,,,,,,,,,,
2024-12-12 00:00:00,,,,,,,,,,
2024-12-13 00:00:00,,,,,,,,,,
2024-12-14 00:00:00,9.3,6.9,14,2.5,,51,6.3,,1022,
2024-12-15 00:00:00,8,3,14,0,,20,9.9,,1023.5,
2024-12-16 00:00:00,6.8,0,15,0,,31,8,,1034.5,
2024-12-17 00:00:00,7.5,0,18,0,,61,6,,1032.9,
2024-12-18 00:00:00,7.1,0,14,0,,47,5.7,,1028.7,
2024-12-19 00:00:00,10.1,4.5,14,0.5,,97,9.9,,1018.1,
2024-12-20 00:00:00,10.1,6.8,13.4,8.1,,198,20.2,,1006.4,
2024-12-21 00:00:00,7.7,3.5,12,0,,2,19.3,,1019.7,
2024-12-22 00:00:00,6.1,0,13.5,4.7,,73,13.3,,1014.3,
2024-12-23 00:00:00,7.7,5.1,12.4,3.9,,336,25.7,,1000.2,
2024-12-24 00:00:00,7.9,5.7,12,0,,353,25.8,,1011.1,
2024-12-25 00:00:00,8.4,5.4,13,0,,1,26.8,,1020.2,
2024-12-26 00:00:00,9.3,5.8,15,0,,12,23.6,,1024,
2024-12-27 00:00:00,7.9,2,16,0,,18,11.3,,1027.6,
2024-12-28 00:00:00,6.8,0,16,0,,37,6.5,,1026,
2024-12-29 00:00:00,6.9,0,16,0,,25,6,,1027.1,
2024-12-30 00:00:00,6.9,1,17,0,,40,5.9,,1029.9,
2024-12-31 00:00:00,7,3,15,0,,19,7.4,,1032.2,
2025-01-01 00:00:00,6.6,0,14,0,,37,6.4,,1031.8,
2025-01-02 00:00:00,7.5,2,15,4,,74,8.1,,1026.5,
2025-01-03 00:00:00,12.4,8.1,15,4.5,,229,14.4,,1016.7,
2025-01-04 00:00:00,8.1,3,15,0,,17,8.2,,1018.8,
2025-01-05 00:00:00,8.8,4.9,14,0,,88,8,,1019.9,
2025-01-06 00:00:00,13.2,8,17,0.3,,150,16.2,,1014.6,
2025-01-07 00:00:00,13.4,9.7,18,0.4,,152,12.8,,1011.6,
2025-01-08 00:00:00,10.8,6.9,16,0.2,,162,8.1,,1018.1,
2025-01-09 00:00:00,13.1,10.9,16,0.6,,155,14,,1015.4,
2025-01-10 00:00:00,12.9,9.8,17,0,,157,10.5,,1014,
2025-01-11 00:00:00,10.8,8.8,14,15.6,,39,9,,1012.7,
2025-01-12 00:00:00,8.8,5.2,12,0.1,,17,23.8,,1013.8,
2025-01-13 00:00:00,6.9,4.9,11,0,,10,26.3,,1019.9,
2025-01-14 00:00:00,6.9,2.1,12,0,,22,23.7,,1023.1,
2025-01-15 00:00:00,4.2,-1,10,0,,23,11.5,,1022.1,
2025-01-16 00:00:00,6.7,2.5,15,0,,46,11.2,,1025.6,
2025-01-17 00:00:00,8.2,0,17,0,,26,15,,1027.2,
2025-01-18 00:00:00,9.2,6.3,13,7.4,,20,11.7,,1021.6,
2025-01-19 00:00:00,8.6,4.1,13,4.8,,55,11.6,,1020.2,
2025-01-20 00:00:00,9.7,7.3,12,5.8,,72,11.4,,1020.3,
2025-01-21 00:00:00,8.5,5.6,12,5.9,,58,6.6,,1018.7,
2025-01-22 00:00:00,7.7,3.8,12,1.3,,55,9,,1018.5,
2025-01-23 00:00:00,12.4,8,17,0,,152,14.4,,1015.4,
2025-01-24 00:00:00,12.3,8,19,0,,333,6.6,,1018.5,
2025-01-25 00:00:00,9.9,4,17,0,,24,7,,1022.5,
2025-01-26 00:00:00,11.1,5,16,0.6,,161,12.7,,1019.9,
2025-01-27 00:00:00,12.1,4,17,0,,155,18.3,,1018.5,
2025-01-28 00:00:00,14.4,10.7,17,13.8,,189,21.9,,1011.1,
2025-01-29 00:00:00,10.4,7.2,16,1.1,,132,8.8,,1015.2,
2025-01-30 00:00:00,8.2,1,15,0,,10,5.6,,1019.6,
2025-01-31 00:00:00,8.3,4,14,0,,45,7.8,,1025.1,
2025-02-01 00:00:00,8.7,4,15,0,,17,8.1,,1023,
2025-02-02 00:00:00,9.3,4.3,16,0,,21,11.4,,1015.9,
2025-02-03 00:00:00,9.2,6,14,1.1,,22,10.4,,1017.6,
2025-02-04 00:00:00,8.5,2,16,0,,8,9.1,,1023.9,
2025-02-05 00:00:00,7.6,1,16,0,,354,7,,1029.2,
2025-02-06 00:00:00,7.4,1,15,0,,356,7.3,,1028.9,
2025-02-07 00:00:00,7.7,2,14,0,,50,8.5,,1027.1,
2025-02-08 00:00:00,8.7,4.4,14,12.9,,71,14.3,,1025.3,
2025-02-09 00:00:00,12.4,8.4,17,12.1,,146,11.7,,1024.5,
2025-02-10 00:00:00,9.2,4,16,0,,38,5.8,,1025.5,
2025-02-11 00:00:00,9.6,5,16,0,,358,6.1,,1025.1,
2025-02-12 00:00:00,10.7,6,15,3.3,,133,10.5,,1022.2,
2025-02-13 00:00:00,10.4,9.2,13,13.7,,113,10.2,,1018.7,
2025-02-14 00:00:00,11.1,9,14,13.8,,162,15.1,,1010,
2025-02-15 00:00:00,8.9,5,14,15.6,,18,21.3,,1008.7,
2025-02-16 00:00:00,7.6,1,16,0,,10,9.8,,1012.8,
2025-02-17 00:00:00,8.2,2,15,0,,15,8.6,,1015.4,
2025-02-18 00:00:00,8.7,3.5,15,1.4,,18,7.6,,1019.6,
2025-02-19 00:00:00,9.1,7.2,11.6,3.2,,27,8.6,,1024.2,
2025-02-20 00:00:00,10.8,8,16,2.7,,32,8.3,,1026.9,
2025-02-21 00:00:00,9.5,4,18,0,,22,6.3,,1029.5,
2025-02-22 00:00:00,9.8,4,18,0,,54,7.5,,1028.5,
2025-02-23 00:00:00,10.2,3,18,0,,359,5.9,,1030.3,
2025-02-24 00:00:00,10.4,7,14,11.5,,54,5.5,,1028.8,
2025-02-25 00:00:00,12.2,9.9,16,28.9,,161,9.6,,1021.4,
2025-02-26 00:00:00,12.4,10.3,16,7.5,,173,12.3,,1014.2,
2025-02-27 00:00:00,10.5,5,16,0,,355,7.4,,1015.9,
2025-02-28 00:00:00,10.3,5,16,0.5,,113,8.4,,1019.1,
2025-03-01 00:00:00,9.9,7.7,14,19.7,,57,10.2,,1019.2,
2025-03-02 00:00:00,12.3,8,18,5.4,,17,16.9,,1020.9,
2025-03-03 00:00:00,10.2,5.3,18,0,,356,10.3,,1024.2,
2025-03-04 00:00:00,9.6,4,18,0,,10,6.6,,1024.2,
2025-03-05 00:00:00,10.3,4,18,0,,355,7.3,,1026.1,
2025-03-06 00:00:00,10.5,4,19,0,,22,8.8,,1025.8,
2025-03-07 00:00:00,11.2,5,18,0,,16,7.2,,1019.8,
2025-03-08 00:00:00,12.9,9,19,0.1,,352,6.7,,1014.8,
2025-03-09 00:00:00,14.2,10.3,19,0.9,,118,12.1,,1011.8,
2025-03-10 00:00:00,15,12.5,19,16.4,,175,14.7,,1008.7,
2025-03-11 00:00:00,14.2,10.9,19,14,,184,8.4,,1007.4,
2025-03-12 00:00:00,13.1,11,16,21.4,,154,14.8,,1002.2,
2025-03-13 00:00:00,13.6,11.3,17,7.5,,192,17.1,,1002.9,
2025-03-14 00:00:00,,,,,,,,,,
2025-03-15 00:00:00,,,,,,,,,,
2025-03-16 00:00:00,,,,,,,,,,
2025-03-17 00:00:00,,,,,,,,,,
2025-03-18 00:00:00,,,,,,,,,,
2025-03-19 00:00:00,,,,,,,,,,
2025-03-20 00:00:00,,,,,,,,,,
2025-03-21 00:00:00,,,,,,,,,,
2025-03-22 00:00:00,12.4,9,16,20.7,,136,13.3,,1015.6,
2025-03-23 00:00:00,15.5,12.2,20,7.1,,197,9.6,,1010.2,
2025-03-24 00:00:00,14.6,11.3,20,3,,228,7.8,,1012.8,
2025-03-25 00:00:00,13.1,8.4,19,1.4,,135,7.6,,1015.8,
2025-03-26 00:00:00,13,7.5,20,0.8,,17,6.2,,1010.3,
2025-03-27 00:00:00,11.9,9.8,16,1.7,,5,17.6,,1004.5,
2025-03-28 00:00:00,11.2,9.2,13,2.6,,355,14.7,,1003.7,
2025-03-29 00:00:00,11.7,9.5,15,2.3,,14,6.7,,1001,
2025-03-30 00:00:00,14.8,8.9,21,1,,4,18.2,,1006.7,
2025-03-31 00:00:00,12.9,8.2,19,7.4,,24,18.2,,1007.8,
2025-04-01 00:00:00,11.8,8.6,16,0,,6,23.7,,1006.5,
2025-04-02 00:00:00,13.9,7,22,0.2,,3,9.9,,1011.6,
2025-04-03 00:00:00,14.6,7.8,22,0,,354,10,,1018.8,
2025-04-04 00:00:00,14.3,7.8,22,0,,17,9.2,,1017.2,
2025-04-05 00:00:00,13.5,8,20,0,,303,8.2,,1012.5,
2025-04-06 00:00:00,13.8,7.8,20,5.3,,354,9.5,,1009.1,
2025-04-07 00:00:00,11.9,5.9,18,0,,338,14.5,,1017,
2025-04-08 00:00:00,11.2,5.1,17,0.5,,328,10.4,,1022.6,
2025-04-09 00:00:00,11.7,5.1,17,0.1,,257,9.5,,1022.7,
2025-04-10 00:00:00,13.3,8.8,18,0,,335,7.5,,1020.9,
2025-04-11 00:00:00,14.1,7.3,21,0,,308,8.5,,1020.6,
2025-04-12 00:00:00,14.3,8.4,20,0,,253,6.8,,1017.7,
2025-04-13 00:00:00,16.3,12.2,21,6.5,,148,12.2,,1015.5,
2025-04-14 00:00:00,17.9,14.3,23,26.6,,135,17.7,,1010.5,
2025-04-15 00:00:00,17,14.6,19.6,23,,174,20.9,,1008.7,
2025-04-16 00:00:00,17.2,10.7,23.1,0,,94,16.9,,1008.2,
2025-04-17 00:00:00,,,,,,,,,,
2025-04-18 00:00:00,,,,,,,,,,
2025-04-19 00:00:00,,,,,,,,,,
2025-04-20 00:00:00,,,,,,,,,,
2025-04-21 00:00:00,,,,,,,,,,
2025-04-22 00:00:00,,,,,,,,,,
2025-04-23 00:00:00,16.6,12.4,22,2.8,,212,7.1,,1014.6,
